run_id	JOB_INSTANCE_ID	JOB_EXECUTION_ID	job_status	STEP_NAME	step_status	READ_COUNT	WRITE_COUNT	COMMIT_COUNT	ROLLBACK_COUNT	SHORT_CONTEXT
stage4-c3600-r1-20260812T124000Z	172	176	COMPLETED	processIncrementalChangesStep	COMPLETED	8	8	1	0	rO0ABXNyABFqYXZhLnV0aWwuSGFzaE1hcAUH2sHDFmDRAwACRgAKbG9hZEZhY3RvckkACXRocmVzaG9sZHhwP0AAAAAAAAx3CAAAABAAAAAFdAAoaW5jcmVtZW50YWxTb3VyY2VDaGFuZ2VSZWFkZXIucmVhZC5jb3VudHNyABFqYXZhLmxhbmcuSW50ZWdlchLioKT3gYc4AgABSQAFdmFsdWV4cgAQamF2YS5sYW5nLk51bWJlcoaslR0LlOCLAgAAeHAAAAAJdAARYmF0Y2gudGFza2xldFR5cGV0AD1vcmcuc3ByaW5nZnJhbWV3b3JrLmJhdGNoLmNvcmUuc3RlcC5pdGVtLkNodW5rT3JpZW50ZWRUYXNrbGV0dAANYmF0Y2gudmVyc2lvbnQABTYuMC40dAAOYmF0Y2guc3RlcFR5cGV0ADdvcmcuc3ByaW5nZnJhbWV3b3JrLmJhdGNoLmNvcmUuc3RlcC50YXNrbGV0LlRhc2tsZXRTdGVwdAApaW5jcmVtZW50YWxTb3VyY2VDaGFuZ2VSZWFkZXIuc3RhcnQuYWZ0ZXJzcgAXamF2YS51dGlsLkxpbmtlZEhhc2hNYXA0wE5cEGzA+wIAAVoAC2FjY2Vzc09yZGVyeHEAfgAAP0AAAAAAAAB3CAAAABAAAAAAeAB4
stage4-c3600-r1-20260812T124000Z	172	176	COMPLETED	advanceIncrementalCheckpointStep	COMPLETED	0	0	1	0	rO0ABXNyABFqYXZhLnV0aWwuSGFzaE1hcAUH2sHDFmDRAwACRgAKbG9hZEZhY3RvckkACXRocmVzaG9sZHhwP0AAAAAAAAx3CAAAABAAAAADdAARYmF0Y2gudGFza2xldFR5cGV0ABNqZGsucHJveHkyLiRQcm94eTcwdAANYmF0Y2gudmVyc2lvbnQABTYuMC40dAAOYmF0Y2guc3RlcFR5cGV0ADdvcmcuc3ByaW5nZnJhbWV3b3JrLmJhdGNoLmNvcmUuc3RlcC50YXNrbGV0LlRhc2tsZXRTdGVweA==
stage4-c600-r1-20260812T124000Z	173	177	COMPLETED	processIncrementalChangesStep	COMPLETED	8	8	1	0	rO0ABXNyABFqYXZhLnV0aWwuSGFzaE1hcAUH2sHDFmDRAwACRgAKbG9hZEZhY3RvckkACXRocmVzaG9sZHhwP0AAAAAAAAx3CAAAABAAAAAFdAAoaW5jcmVtZW50YWxTb3VyY2VDaGFuZ2VSZWFkZXIucmVhZC5jb3VudHNyABFqYXZhLmxhbmcuSW50ZWdlchLioKT3gYc4AgABSQAFdmFsdWV4cgAQamF2YS5sYW5nLk51bWJlcoaslR0LlOCLAgAAeHAAAAAJdAARYmF0Y2gudGFza2xldFR5cGV0AD1vcmcuc3ByaW5nZnJhbWV3b3JrLmJhdGNoLmNvcmUuc3RlcC5pdGVtLkNodW5rT3JpZW50ZWRUYXNrbGV0dAANYmF0Y2gudmVyc2lvbnQABTYuMC40dAAOYmF0Y2guc3RlcFR5cGV0ADdvcmcuc3ByaW5nZnJhbWV3b3JrLmJhdGNoLmNvcmUuc3RlcC50YXNrbGV0LlRhc2tsZXRTdGVwdAApaW5jcmVtZW50YWxTb3VyY2VDaGFuZ2VSZWFkZXIuc3RhcnQuYWZ0ZXJzcgAXamF2YS51dGlsLkxpbmtlZEhhc2hNYXA0wE5cEGzA+wIAAVoAC2FjY2Vzc09yZGVyeHEAfgAAP0AAAAAAAAB3CAAAABAAAAAAeAB4
stage4-c600-r1-20260812T124000Z	173	177	COMPLETED	advanceIncrementalCheckpointStep	COMPLETED	0	0	1	0	rO0ABXNyABFqYXZhLnV0aWwuSGFzaE1hcAUH2sHDFmDRAwACRgAKbG9hZEZhY3RvckkACXRocmVzaG9sZHhwP0AAAAAAAAx3CAAAABAAAAADdAARYmF0Y2gudGFza2xldFR5cGV0ABNqZGsucHJveHkyLiRQcm94eTcwdAANYmF0Y2gudmVyc2lvbnQABTYuMC40dAAOYmF0Y2guc3RlcFR5cGV0ADdvcmcuc3ByaW5nZnJhbWV3b3JrLmJhdGNoLmNvcmUuc3RlcC50YXNrbGV0LlRhc2tsZXRTdGVweA==
stage4-c600-r2-20260812T124000Z	174	178	COMPLETED	processIncrementalChangesStep	COMPLETED	2	2	1	0	rO0ABXNyABFqYXZhLnV0aWwuSGFzaE1hcAUH2sHDFmDRAwACRgAKbG9hZEZhY3RvckkACXRocmVzaG9sZHhwP0AAAAAAAAx3CAAAABAAAAAFdAAoaW5jcmVtZW50YWxTb3VyY2VDaGFuZ2VSZWFkZXIucmVhZC5jb3VudHNyABFqYXZhLmxhbmcuSW50ZWdlchLioKT3gYc4AgABSQAFdmFsdWV4cgAQamF2YS5sYW5nLk51bWJlcoaslR0LlOCLAgAAeHAAAAADdAARYmF0Y2gudGFza2xldFR5cGV0AD1vcmcuc3ByaW5nZnJhbWV3b3JrLmJhdGNoLmNvcmUuc3RlcC5pdGVtLkNodW5rT3JpZW50ZWRUYXNrbGV0dAANYmF0Y2gudmVyc2lvbnQABTYuMC40dAAOYmF0Y2guc3RlcFR5cGV0ADdvcmcuc3ByaW5nZnJhbWV3b3JrLmJhdGNoLmNvcmUuc3RlcC50YXNrbGV0LlRhc2tsZXRTdGVwdAApaW5jcmVtZW50YWxTb3VyY2VDaGFuZ2VSZWFkZXIuc3RhcnQuYWZ0ZXJzcgAXamF2YS51dGlsLkxpbmtlZEhhc2hNYXA0wE5cEGzA+wIAAVoAC2FjY2Vzc09yZGVyeHEAfgAAP0AAAAAAAAB3CAAAABAAAAAAeAB4
stage4-c600-r2-20260812T124000Z	174	178	COMPLETED	advanceIncrementalCheckpointStep	COMPLETED	0	0	1	0	rO0ABXNyABFqYXZhLnV0aWwuSGFzaE1hcAUH2sHDFmDRAwACRgAKbG9hZEZhY3RvckkACXRocmVzaG9sZHhwP0AAAAAAAAx3CAAAABAAAAADdAARYmF0Y2gudGFza2xldFR5cGV0ABNqZGsucHJveHkyLiRQcm94eTcwdAANYmF0Y2gudmVyc2lvbnQABTYuMC40dAAOYmF0Y2guc3RlcFR5cGV0ADdvcmcuc3ByaW5nZnJhbWV3b3JrLmJhdGNoLmNvcmUuc3RlcC50YXNrbGV0LlRhc2tsZXRTdGVweA==
stage4-c600-r3-20260812T124000Z	175	179	COMPLETED	processIncrementalChangesStep	COMPLETED	3	3	1	0	rO0ABXNyABFqYXZhLnV0aWwuSGFzaE1hcAUH2sHDFmDRAwACRgAKbG9hZEZhY3RvckkACXRocmVzaG9sZHhwP0AAAAAAAAx3CAAAABAAAAAFdAAoaW5jcmVtZW50YWxTb3VyY2VDaGFuZ2VSZWFkZXIucmVhZC5jb3VudHNyABFqYXZhLmxhbmcuSW50ZWdlchLioKT3gYc4AgABSQAFdmFsdWV4cgAQamF2YS5sYW5nLk51bWJlcoaslR0LlOCLAgAAeHAAAAAEdAARYmF0Y2gudGFza2xldFR5cGV0AD1vcmcuc3ByaW5nZnJhbWV3b3JrLmJhdGNoLmNvcmUuc3RlcC5pdGVtLkNodW5rT3JpZW50ZWRUYXNrbGV0dAANYmF0Y2gudmVyc2lvbnQABTYuMC40dAAOYmF0Y2guc3RlcFR5cGV0ADdvcmcuc3ByaW5nZnJhbWV3b3JrLmJhdGNoLmNvcmUuc3RlcC50YXNrbGV0LlRhc2tsZXRTdGVwdAApaW5jcmVtZW50YWxTb3VyY2VDaGFuZ2VSZWFkZXIuc3RhcnQuYWZ0ZXJzcgAXamF2YS51dGlsLkxpbmtlZEhhc2hNYXA0wE5cEGzA+wIAAVoAC2FjY2Vzc09yZGVyeHEAfgAAP0AAAAAAAAB3CAAAABAAAAAAeAB4
stage4-c600-r3-20260812T124000Z	175	179	COMPLETED	advanceIncrementalCheckpointStep	COMPLETED	0	0	1	0	rO0ABXNyABFqYXZhLnV0aWwuSGFzaE1hcAUH2sHDFmDRAwACRgAKbG9hZEZhY3RvckkACXRocmVzaG9sZHhwP0AAAAAAAAx3CAAAABAAAAADdAARYmF0Y2gudGFza2xldFR5cGV0ABNqZGsucHJveHkyLiRQcm94eTcwdAANYmF0Y2gudmVyc2lvbnQABTYuMC40dAAOYmF0Y2guc3RlcFR5cGV0ADdvcmcuc3ByaW5nZnJhbWV3b3JrLmJhdGNoLmNvcmUuc3RlcC50YXNrbGV0LlRhc2tsZXRTdGVweA==
stage4-c600-r4-20260812T124000Z	176	180	COMPLETED	processIncrementalChangesStep	COMPLETED	1	1	1	0	rO0ABXNyABFqYXZhLnV0aWwuSGFzaE1hcAUH2sHDFmDRAwACRgAKbG9hZEZhY3RvckkACXRocmVzaG9sZHhwP0AAAAAAAAx3CAAAABAAAAAFdAAoaW5jcmVtZW50YWxTb3VyY2VDaGFuZ2VSZWFkZXIucmVhZC5jb3VudHNyABFqYXZhLmxhbmcuSW50ZWdlchLioKT3gYc4AgABSQAFdmFsdWV4cgAQamF2YS5sYW5nLk51bWJlcoaslR0LlOCLAgAAeHAAAAACdAARYmF0Y2gudGFza2xldFR5cGV0AD1vcmcuc3ByaW5nZnJhbWV3b3JrLmJhdGNoLmNvcmUuc3RlcC5pdGVtLkNodW5rT3JpZW50ZWRUYXNrbGV0dAANYmF0Y2gudmVyc2lvbnQABTYuMC40dAAOYmF0Y2guc3RlcFR5cGV0ADdvcmcuc3ByaW5nZnJhbWV3b3JrLmJhdGNoLmNvcmUuc3RlcC50YXNrbGV0LlRhc2tsZXRTdGVwdAApaW5jcmVtZW50YWxTb3VyY2VDaGFuZ2VSZWFkZXIuc3RhcnQuYWZ0ZXJzcgAXamF2YS51dGlsLkxpbmtlZEhhc2hNYXA0wE5cEGzA+wIAAVoAC2FjY2Vzc09yZGVyeHEAfgAAP0AAAAAAAAB3CAAAABAAAAAAeAB4
stage4-c600-r4-20260812T124000Z	176	180	COMPLETED	advanceIncrementalCheckpointStep	COMPLETED	0	0	1	0	rO0ABXNyABFqYXZhLnV0aWwuSGFzaE1hcAUH2sHDFmDRAwACRgAKbG9hZEZhY3RvckkACXRocmVzaG9sZHhwP0AAAAAAAAx3CAAAABAAAAADdAARYmF0Y2gudGFza2xldFR5cGV0ABNqZGsucHJveHkyLiRQcm94eTcwdAANYmF0Y2gudmVyc2lvbnQABTYuMC40dAAOYmF0Y2guc3RlcFR5cGV0ADdvcmcuc3ByaW5nZnJhbWV3b3JrLmJhdGNoLmNvcmUuc3RlcC50YXNrbGV0LlRhc2tsZXRTdGVweA==
stage4-c600-r5-20260812T124000Z	177	181	COMPLETED	processIncrementalChangesStep	COMPLETED	2	2	1	0	rO0ABXNyABFqYXZhLnV0aWwuSGFzaE1hcAUH2sHDFmDRAwACRgAKbG9hZEZhY3RvckkACXRocmVzaG9sZHhwP0AAAAAAAAx3CAAAABAAAAAFdAAoaW5jcmVtZW50YWxTb3VyY2VDaGFuZ2VSZWFkZXIucmVhZC5jb3VudHNyABFqYXZhLmxhbmcuSW50ZWdlchLioKT3gYc4AgABSQAFdmFsdWV4cgAQamF2YS5sYW5nLk51bWJlcoaslR0LlOCLAgAAeHAAAAADdAARYmF0Y2gudGFza2xldFR5cGV0AD1vcmcuc3ByaW5nZnJhbWV3b3JrLmJhdGNoLmNvcmUuc3RlcC5pdGVtLkNodW5rT3JpZW50ZWRUYXNrbGV0dAANYmF0Y2gudmVyc2lvbnQABTYuMC40dAAOYmF0Y2guc3RlcFR5cGV0ADdvcmcuc3ByaW5nZnJhbWV3b3JrLmJhdGNoLmNvcmUuc3RlcC50YXNrbGV0LlRhc2tsZXRTdGVwdAApaW5jcmVtZW50YWxTb3VyY2VDaGFuZ2VSZWFkZXIuc3RhcnQuYWZ0ZXJzcgAXamF2YS51dGlsLkxpbmtlZEhhc2hNYXA0wE5cEGzA+wIAAVoAC2FjY2Vzc09yZGVyeHEAfgAAP0AAAAAAAAB3CAAAABAAAAAAeAB4
stage4-c600-r5-20260812T124000Z	177	181	COMPLETED	advanceIncrementalCheckpointStep	COMPLETED	0	0	1	0	rO0ABXNyABFqYXZhLnV0aWwuSGFzaE1hcAUH2sHDFmDRAwACRgAKbG9hZEZhY3RvckkACXRocmVzaG9sZHhwP0AAAAAAAAx3CAAAABAAAAADdAARYmF0Y2gudGFza2xldFR5cGV0ABNqZGsucHJveHkyLiRQcm94eTcwdAANYmF0Y2gudmVyc2lvbnQABTYuMC40dAAOYmF0Y2guc3RlcFR5cGV0ADdvcmcuc3ByaW5nZnJhbWV3b3JrLmJhdGNoLmNvcmUuc3RlcC50YXNrbGV0LlRhc2tsZXRTdGVweA==
stage4-c600-r6-20260812T124000Z	178	182	COMPLETED	processIncrementalChangesStep	COMPLETED	1	1	1	0	rO0ABXNyABFqYXZhLnV0aWwuSGFzaE1hcAUH2sHDFmDRAwACRgAKbG9hZEZhY3RvckkACXRocmVzaG9sZHhwP0AAAAAAAAx3CAAAABAAAAAFdAAoaW5jcmVtZW50YWxTb3VyY2VDaGFuZ2VSZWFkZXIucmVhZC5jb3VudHNyABFqYXZhLmxhbmcuSW50ZWdlchLioKT3gYc4AgABSQAFdmFsdWV4cgAQamF2YS5sYW5nLk51bWJlcoaslR0LlOCLAgAAeHAAAAACdAARYmF0Y2gudGFza2xldFR5cGV0AD1vcmcuc3ByaW5nZnJhbWV3b3JrLmJhdGNoLmNvcmUuc3RlcC5pdGVtLkNodW5rT3JpZW50ZWRUYXNrbGV0dAANYmF0Y2gudmVyc2lvbnQABTYuMC40dAAOYmF0Y2guc3RlcFR5cGV0ADdvcmcuc3ByaW5nZnJhbWV3b3JrLmJhdGNoLmNvcmUuc3RlcC50YXNrbGV0LlRhc2tsZXRTdGVwdAApaW5jcmVtZW50YWxTb3VyY2VDaGFuZ2VSZWFkZXIuc3RhcnQuYWZ0ZXJzcgAXamF2YS51dGlsLkxpbmtlZEhhc2hNYXA0wE5cEGzA+wIAAVoAC2FjY2Vzc09yZGVyeHEAfgAAP0AAAAAAAAB3CAAAABAAAAAAeAB4
stage4-c600-r6-20260812T124000Z	178	182	COMPLETED	advanceIncrementalCheckpointStep	COMPLETED	0	0	1	0	rO0ABXNyABFqYXZhLnV0aWwuSGFzaE1hcAUH2sHDFmDRAwACRgAKbG9hZEZhY3RvckkACXRocmVzaG9sZHhwP0AAAAAAAAx3CAAAABAAAAADdAARYmF0Y2gudGFza2xldFR5cGV0ABNqZGsucHJveHkyLiRQcm94eTcwdAANYmF0Y2gudmVyc2lvbnQABTYuMC40dAAOYmF0Y2guc3RlcFR5cGV0ADdvcmcuc3ByaW5nZnJhbWV3b3JrLmJhdGNoLmNvcmUuc3RlcC50YXNrbGV0LlRhc2tsZXRTdGVweA==
stage4-c300-r1-20260812T124000Z	179	183	COMPLETED	processIncrementalChangesStep	COMPLETED	8	8	1	0	rO0ABXNyABFqYXZhLnV0aWwuSGFzaE1hcAUH2sHDFmDRAwACRgAKbG9hZEZhY3RvckkACXRocmVzaG9sZHhwP0AAAAAAAAx3CAAAABAAAAAFdAAoaW5jcmVtZW50YWxTb3VyY2VDaGFuZ2VSZWFkZXIucmVhZC5jb3VudHNyABFqYXZhLmxhbmcuSW50ZWdlchLioKT3gYc4AgABSQAFdmFsdWV4cgAQamF2YS5sYW5nLk51bWJlcoaslR0LlOCLAgAAeHAAAAAJdAARYmF0Y2gudGFza2xldFR5cGV0AD1vcmcuc3ByaW5nZnJhbWV3b3JrLmJhdGNoLmNvcmUuc3RlcC5pdGVtLkNodW5rT3JpZW50ZWRUYXNrbGV0dAANYmF0Y2gudmVyc2lvbnQABTYuMC40dAAOYmF0Y2guc3RlcFR5cGV0ADdvcmcuc3ByaW5nZnJhbWV3b3JrLmJhdGNoLmNvcmUuc3RlcC50YXNrbGV0LlRhc2tsZXRTdGVwdAApaW5jcmVtZW50YWxTb3VyY2VDaGFuZ2VSZWFkZXIuc3RhcnQuYWZ0ZXJzcgAXamF2YS51dGlsLkxpbmtlZEhhc2hNYXA0wE5cEGzA+wIAAVoAC2FjY2Vzc09yZGVyeHEAfgAAP0AAAAAAAAB3CAAAABAAAAAAeAB4
stage4-c300-r1-20260812T124000Z	179	183	COMPLETED	advanceIncrementalCheckpointStep	COMPLETED	0	0	1	0	rO0ABXNyABFqYXZhLnV0aWwuSGFzaE1hcAUH2sHDFmDRAwACRgAKbG9hZEZhY3RvckkACXRocmVzaG9sZHhwP0AAAAAAAAx3CAAAABAAAAADdAARYmF0Y2gudGFza2xldFR5cGV0ABNqZGsucHJveHkyLiRQcm94eTcwdAANYmF0Y2gudmVyc2lvbnQABTYuMC40dAAOYmF0Y2guc3RlcFR5cGV0ADdvcmcuc3ByaW5nZnJhbWV3b3JrLmJhdGNoLmNvcmUuc3RlcC50YXNrbGV0LlRhc2tsZXRTdGVweA==
stage4-c300-r2-20260812T124000Z	180	184	COMPLETED	processIncrementalChangesStep	COMPLETED	8	8	1	0	rO0ABXNyABFqYXZhLnV0aWwuSGFzaE1hcAUH2sHDFmDRAwACRgAKbG9hZEZhY3RvckkACXRocmVzaG9sZHhwP0AAAAAAAAx3CAAAABAAAAAFdAAoaW5jcmVtZW50YWxTb3VyY2VDaGFuZ2VSZWFkZXIucmVhZC5jb3VudHNyABFqYXZhLmxhbmcuSW50ZWdlchLioKT3gYc4AgABSQAFdmFsdWV4cgAQamF2YS5sYW5nLk51bWJlcoaslR0LlOCLAgAAeHAAAAAJdAARYmF0Y2gudGFza2xldFR5cGV0AD1vcmcuc3ByaW5nZnJhbWV3b3JrLmJhdGNoLmNvcmUuc3RlcC5pdGVtLkNodW5rT3JpZW50ZWRUYXNrbGV0dAANYmF0Y2gudmVyc2lvbnQABTYuMC40dAAOYmF0Y2guc3RlcFR5cGV0ADdvcmcuc3ByaW5nZnJhbWV3b3JrLmJhdGNoLmNvcmUuc3RlcC50YXNrbGV0LlRhc2tsZXRTdGVwdAApaW5jcmVtZW50YWxTb3VyY2VDaGFuZ2VSZWFkZXIuc3RhcnQuYWZ0ZXJzcgAXamF2YS51dGlsLkxpbmtlZEhhc2hNYXA0wE5cEGzA+wIAAVoAC2FjY2Vzc09yZGVyeHEAfgAAP0AAAAAAAAB3CAAAABAAAAAAeAB4
stage4-c300-r2-20260812T124000Z	180	184	COMPLETED	advanceIncrementalCheckpointStep	COMPLETED	0	0	1	0	rO0ABXNyABFqYXZhLnV0aWwuSGFzaE1hcAUH2sHDFmDRAwACRgAKbG9hZEZhY3RvckkACXRocmVzaG9sZHhwP0AAAAAAAAx3CAAAABAAAAADdAARYmF0Y2gudGFza2xldFR5cGV0ABNqZGsucHJveHkyLiRQcm94eTcwdAANYmF0Y2gudmVyc2lvbnQABTYuMC40dAAOYmF0Y2guc3RlcFR5cGV0ADdvcmcuc3ByaW5nZnJhbWV3b3JrLmJhdGNoLmNvcmUuc3RlcC50YXNrbGV0LlRhc2tsZXRTdGVweA==
stage4-c300-r3-20260812T124000Z	181	185	COMPLETED	processIncrementalChangesStep	COMPLETED	2	2	1	0	rO0ABXNyABFqYXZhLnV0aWwuSGFzaE1hcAUH2sHDFmDRAwACRgAKbG9hZEZhY3RvckkACXRocmVzaG9sZHhwP0AAAAAAAAx3CAAAABAAAAAFdAAoaW5jcmVtZW50YWxTb3VyY2VDaGFuZ2VSZWFkZXIucmVhZC5jb3VudHNyABFqYXZhLmxhbmcuSW50ZWdlchLioKT3gYc4AgABSQAFdmFsdWV4cgAQamF2YS5sYW5nLk51bWJlcoaslR0LlOCLAgAAeHAAAAADdAARYmF0Y2gudGFza2xldFR5cGV0AD1vcmcuc3ByaW5nZnJhbWV3b3JrLmJhdGNoLmNvcmUuc3RlcC5pdGVtLkNodW5rT3JpZW50ZWRUYXNrbGV0dAANYmF0Y2gudmVyc2lvbnQABTYuMC40dAAOYmF0Y2guc3RlcFR5cGV0ADdvcmcuc3ByaW5nZnJhbWV3b3JrLmJhdGNoLmNvcmUuc3RlcC50YXNrbGV0LlRhc2tsZXRTdGVwdAApaW5jcmVtZW50YWxTb3VyY2VDaGFuZ2VSZWFkZXIuc3RhcnQuYWZ0ZXJzcgAXamF2YS51dGlsLkxpbmtlZEhhc2hNYXA0wE5cEGzA+wIAAVoAC2FjY2Vzc09yZGVyeHEAfgAAP0AAAAAAAAB3CAAAABAAAAAAeAB4
stage4-c300-r3-20260812T124000Z	181	185	COMPLETED	advanceIncrementalCheckpointStep	COMPLETED	0	0	1	0	rO0ABXNyABFqYXZhLnV0aWwuSGFzaE1hcAUH2sHDFmDRAwACRgAKbG9hZEZhY3RvckkACXRocmVzaG9sZHhwP0AAAAAAAAx3CAAAABAAAAADdAARYmF0Y2gudGFza2xldFR5cGV0ABNqZGsucHJveHkyLiRQcm94eTcwdAANYmF0Y2gudmVyc2lvbnQABTYuMC40dAAOYmF0Y2guc3RlcFR5cGV0ADdvcmcuc3ByaW5nZnJhbWV3b3JrLmJhdGNoLmNvcmUuc3RlcC50YXNrbGV0LlRhc2tsZXRTdGVweA==
stage4-c300-r4-20260812T124000Z	182	186	COMPLETED	processIncrementalChangesStep	COMPLETED	1	1	1	0	rO0ABXNyABFqYXZhLnV0aWwuSGFzaE1hcAUH2sHDFmDRAwACRgAKbG9hZEZhY3RvckkACXRocmVzaG9sZHhwP0AAAAAAAAx3CAAAABAAAAAFdAAoaW5jcmVtZW50YWxTb3VyY2VDaGFuZ2VSZWFkZXIucmVhZC5jb3VudHNyABFqYXZhLmxhbmcuSW50ZWdlchLioKT3gYc4AgABSQAFdmFsdWV4cgAQamF2YS5sYW5nLk51bWJlcoaslR0LlOCLAgAAeHAAAAACdAARYmF0Y2gudGFza2xldFR5cGV0AD1vcmcuc3ByaW5nZnJhbWV3b3JrLmJhdGNoLmNvcmUuc3RlcC5pdGVtLkNodW5rT3JpZW50ZWRUYXNrbGV0dAANYmF0Y2gudmVyc2lvbnQABTYuMC40dAAOYmF0Y2guc3RlcFR5cGV0ADdvcmcuc3ByaW5nZnJhbWV3b3JrLmJhdGNoLmNvcmUuc3RlcC50YXNrbGV0LlRhc2tsZXRTdGVwdAApaW5jcmVtZW50YWxTb3VyY2VDaGFuZ2VSZWFkZXIuc3RhcnQuYWZ0ZXJzcgAXamF2YS51dGlsLkxpbmtlZEhhc2hNYXA0wE5cEGzA+wIAAVoAC2FjY2Vzc09yZGVyeHEAfgAAP0AAAAAAAAB3CAAAABAAAAAAeAB4
stage4-c300-r4-20260812T124000Z	182	186	COMPLETED	advanceIncrementalCheckpointStep	COMPLETED	0	0	1	0	rO0ABXNyABFqYXZhLnV0aWwuSGFzaE1hcAUH2sHDFmDRAwACRgAKbG9hZEZhY3RvckkACXRocmVzaG9sZHhwP0AAAAAAAAx3CAAAABAAAAADdAARYmF0Y2gudGFza2xldFR5cGV0ABNqZGsucHJveHkyLiRQcm94eTcwdAANYmF0Y2gudmVyc2lvbnQABTYuMC40dAAOYmF0Y2guc3RlcFR5cGV0ADdvcmcuc3ByaW5nZnJhbWV3b3JrLmJhdGNoLmNvcmUuc3RlcC50YXNrbGV0LlRhc2tsZXRTdGVweA==
stage4-c300-r5-20260812T124000Z	183	187	COMPLETED	processIncrementalChangesStep	COMPLETED	3	3	1	0	rO0ABXNyABFqYXZhLnV0aWwuSGFzaE1hcAUH2sHDFmDRAwACRgAKbG9hZEZhY3RvckkACXRocmVzaG9sZHhwP0AAAAAAAAx3CAAAABAAAAAFdAAoaW5jcmVtZW50YWxTb3VyY2VDaGFuZ2VSZWFkZXIucmVhZC5jb3VudHNyABFqYXZhLmxhbmcuSW50ZWdlchLioKT3gYc4AgABSQAFdmFsdWV4cgAQamF2YS5sYW5nLk51bWJlcoaslR0LlOCLAgAAeHAAAAAEdAARYmF0Y2gudGFza2xldFR5cGV0AD1vcmcuc3ByaW5nZnJhbWV3b3JrLmJhdGNoLmNvcmUuc3RlcC5pdGVtLkNodW5rT3JpZW50ZWRUYXNrbGV0dAANYmF0Y2gudmVyc2lvbnQABTYuMC40dAAOYmF0Y2guc3RlcFR5cGV0ADdvcmcuc3ByaW5nZnJhbWV3b3JrLmJhdGNoLmNvcmUuc3RlcC50YXNrbGV0LlRhc2tsZXRTdGVwdAApaW5jcmVtZW50YWxTb3VyY2VDaGFuZ2VSZWFkZXIuc3RhcnQuYWZ0ZXJzcgAXamF2YS51dGlsLkxpbmtlZEhhc2hNYXA0wE5cEGzA+wIAAVoAC2FjY2Vzc09yZGVyeHEAfgAAP0AAAAAAAAB3CAAAABAAAAAAeAB4
stage4-c300-r5-20260812T124000Z	183	187	COMPLETED	advanceIncrementalCheckpointStep	COMPLETED	0	0	1	0	rO0ABXNyABFqYXZhLnV0aWwuSGFzaE1hcAUH2sHDFmDRAwACRgAKbG9hZEZhY3RvckkACXRocmVzaG9sZHhwP0AAAAAAAAx3CAAAABAAAAADdAARYmF0Y2gudGFza2xldFR5cGV0ABNqZGsucHJveHkyLiRQcm94eTcwdAANYmF0Y2gudmVyc2lvbnQABTYuMC40dAAOYmF0Y2guc3RlcFR5cGV0ADdvcmcuc3ByaW5nZnJhbWV3b3JrLmJhdGNoLmNvcmUuc3RlcC50YXNrbGV0LlRhc2tsZXRTdGVweA==
stage4-c300-r6-20260812T124000Z	184	188	COMPLETED	processIncrementalChangesStep	COMPLETED	3	3	1	0	rO0ABXNyABFqYXZhLnV0aWwuSGFzaE1hcAUH2sHDFmDRAwACRgAKbG9hZEZhY3RvckkACXRocmVzaG9sZHhwP0AAAAAAAAx3CAAAABAAAAAFdAAoaW5jcmVtZW50YWxTb3VyY2VDaGFuZ2VSZWFkZXIucmVhZC5jb3VudHNyABFqYXZhLmxhbmcuSW50ZWdlchLioKT3gYc4AgABSQAFdmFsdWV4cgAQamF2YS5sYW5nLk51bWJlcoaslR0LlOCLAgAAeHAAAAAEdAARYmF0Y2gudGFza2xldFR5cGV0AD1vcmcuc3ByaW5nZnJhbWV3b3JrLmJhdGNoLmNvcmUuc3RlcC5pdGVtLkNodW5rT3JpZW50ZWRUYXNrbGV0dAANYmF0Y2gudmVyc2lvbnQABTYuMC40dAAOYmF0Y2guc3RlcFR5cGV0ADdvcmcuc3ByaW5nZnJhbWV3b3JrLmJhdGNoLmNvcmUuc3RlcC50YXNrbGV0LlRhc2tsZXRTdGVwdAApaW5jcmVtZW50YWxTb3VyY2VDaGFuZ2VSZWFkZXIuc3RhcnQuYWZ0ZXJzcgAXamF2YS51dGlsLkxpbmtlZEhhc2hNYXA0wE5cEGzA+wIAAVoAC2FjY2Vzc09yZGVyeHEAfgAAP0AAAAAAAAB3CAAAABAAAAAAeAB4
stage4-c300-r6-20260812T124000Z	184	188	COMPLETED	advanceIncrementalCheckpointStep	COMPLETED	0	0	1	0	rO0ABXNyABFqYXZhLnV0aWwuSGFzaE1hcAUH2sHDFmDRAwACRgAKbG9hZEZhY3RvckkACXRocmVzaG9sZHhwP0AAAAAAAAx3CAAAABAAAAADdAARYmF0Y2gudGFza2xldFR5cGV0ABNqZGsucHJveHkyLiRQcm94eTcwdAANYmF0Y2gudmVyc2lvbnQABTYuMC40dAAOYmF0Y2guc3RlcFR5cGV0ADdvcmcuc3ByaW5nZnJhbWV3b3JrLmJhdGNoLmNvcmUuc3RlcC50YXNrbGV0LlRhc2tsZXRTdGVweA==
stage4-c300-r7-20260812T124000Z	185	189	COMPLETED	processIncrementalChangesStep	COMPLETED	0	0	1	0	rO0ABXNyABFqYXZhLnV0aWwuSGFzaE1hcAUH2sHDFmDRAwACRgAKbG9hZEZhY3RvckkACXRocmVzaG9sZHhwP0AAAAAAAAx3CAAAABAAAAAFdAAoaW5jcmVtZW50YWxTb3VyY2VDaGFuZ2VSZWFkZXIucmVhZC5jb3VudHNyABFqYXZhLmxhbmcuSW50ZWdlchLioKT3gYc4AgABSQAFdmFsdWV4cgAQamF2YS5sYW5nLk51bWJlcoaslR0LlOCLAgAAeHAAAAABdAARYmF0Y2gudGFza2xldFR5cGV0AD1vcmcuc3ByaW5nZnJhbWV3b3JrLmJhdGNoLmNvcmUuc3RlcC5pdGVtLkNodW5rT3JpZW50ZWRUYXNrbGV0dAANYmF0Y2gudmVyc2lvbnQABTYuMC40dAAOYmF0Y2guc3RlcFR5cGV0ADdvcmcuc3ByaW5nZnJhbWV3b3JrLmJhdGNoLmNvcmUuc3RlcC50YXNrbGV0LlRhc2tsZXRTdGVwdAApaW5jcmVtZW50YWxTb3VyY2VDaGFuZ2VSZWFkZXIuc3RhcnQuYWZ0ZXJzcgAXamF2YS51dGlsLkxpbmtlZEhhc2hNYXA0wE5cEGzA+wIAAVoAC2FjY2Vzc09yZGVyeHEAfgAAP0AAAAAAAAB3CAAAABAAAAAAeAB4
stage4-c300-r7-20260812T124000Z	185	189	COMPLETED	advanceIncrementalCheckpointStep	COMPLETED	0	0	1	0	rO0ABXNyABFqYXZhLnV0aWwuSGFzaE1hcAUH2sHDFmDRAwACRgAKbG9hZEZhY3RvckkACXRocmVzaG9sZHhwP0AAAAAAAAx3CAAAABAAAAADdAARYmF0Y2gudGFza2xldFR5cGV0ABNqZGsucHJveHkyLiRQcm94eTcwdAANYmF0Y2gudmVyc2lvbnQABTYuMC40dAAOYmF0Y2guc3RlcFR5cGV0ADdvcmcuc3ByaW5nZnJhbWV3b3JrLmJhdGNoLmNvcmUuc3RlcC50YXNrbGV0LlRhc2tsZXRTdGVweA==
stage4-c300-r8-20260812T124000Z	186	190	COMPLETED	processIncrementalChangesStep	COMPLETED	1	1	1	0	rO0ABXNyABFqYXZhLnV0aWwuSGFzaE1hcAUH2sHDFmDRAwACRgAKbG9hZEZhY3RvckkACXRocmVzaG9sZHhwP0AAAAAAAAx3CAAAABAAAAAFdAAoaW5jcmVtZW50YWxTb3VyY2VDaGFuZ2VSZWFkZXIucmVhZC5jb3VudHNyABFqYXZhLmxhbmcuSW50ZWdlchLioKT3gYc4AgABSQAFdmFsdWV4cgAQamF2YS5sYW5nLk51bWJlcoaslR0LlOCLAgAAeHAAAAACdAARYmF0Y2gudGFza2xldFR5cGV0AD1vcmcuc3ByaW5nZnJhbWV3b3JrLmJhdGNoLmNvcmUuc3RlcC5pdGVtLkNodW5rT3JpZW50ZWRUYXNrbGV0dAANYmF0Y2gudmVyc2lvbnQABTYuMC40dAAOYmF0Y2guc3RlcFR5cGV0ADdvcmcuc3ByaW5nZnJhbWV3b3JrLmJhdGNoLmNvcmUuc3RlcC50YXNrbGV0LlRhc2tsZXRTdGVwdAApaW5jcmVtZW50YWxTb3VyY2VDaGFuZ2VSZWFkZXIuc3RhcnQuYWZ0ZXJzcgAXamF2YS51dGlsLkxpbmtlZEhhc2hNYXA0wE5cEGzA+wIAAVoAC2FjY2Vzc09yZGVyeHEAfgAAP0AAAAAAAAB3CAAAABAAAAAAeAB4
stage4-c300-r8-20260812T124000Z	186	190	COMPLETED	advanceIncrementalCheckpointStep	COMPLETED	0	0	1	0	rO0ABXNyABFqYXZhLnV0aWwuSGFzaE1hcAUH2sHDFmDRAwACRgAKbG9hZEZhY3RvckkACXRocmVzaG9sZHhwP0AAAAAAAAx3CAAAABAAAAADdAARYmF0Y2gudGFza2xldFR5cGV0ABNqZGsucHJveHkyLiRQcm94eTcwdAANYmF0Y2gudmVyc2lvbnQABTYuMC40dAAOYmF0Y2guc3RlcFR5cGV0ADdvcmcuc3ByaW5nZnJhbWV3b3JrLmJhdGNoLmNvcmUuc3RlcC50YXNrbGV0LlRhc2tsZXRTdGVweA==
stage4-c300-r9-20260812T124000Z	187	191	COMPLETED	processIncrementalChangesStep	COMPLETED	1	1	1	0	rO0ABXNyABFqYXZhLnV0aWwuSGFzaE1hcAUH2sHDFmDRAwACRgAKbG9hZEZhY3RvckkACXRocmVzaG9sZHhwP0AAAAAAAAx3CAAAABAAAAAFdAAoaW5jcmVtZW50YWxTb3VyY2VDaGFuZ2VSZWFkZXIucmVhZC5jb3VudHNyABFqYXZhLmxhbmcuSW50ZWdlchLioKT3gYc4AgABSQAFdmFsdWV4cgAQamF2YS5sYW5nLk51bWJlcoaslR0LlOCLAgAAeHAAAAACdAARYmF0Y2gudGFza2xldFR5cGV0AD1vcmcuc3ByaW5nZnJhbWV3b3JrLmJhdGNoLmNvcmUuc3RlcC5pdGVtLkNodW5rT3JpZW50ZWRUYXNrbGV0dAANYmF0Y2gudmVyc2lvbnQABTYuMC40dAAOYmF0Y2guc3RlcFR5cGV0ADdvcmcuc3ByaW5nZnJhbWV3b3JrLmJhdGNoLmNvcmUuc3RlcC50YXNrbGV0LlRhc2tsZXRTdGVwdAApaW5jcmVtZW50YWxTb3VyY2VDaGFuZ2VSZWFkZXIuc3RhcnQuYWZ0ZXJzcgAXamF2YS51dGlsLkxpbmtlZEhhc2hNYXA0wE5cEGzA+wIAAVoAC2FjY2Vzc09yZGVyeHEAfgAAP0AAAAAAAAB3CAAAABAAAAAAeAB4
stage4-c300-r9-20260812T124000Z	187	191	COMPLETED	advanceIncrementalCheckpointStep	COMPLETED	0	0	1	0	rO0ABXNyABFqYXZhLnV0aWwuSGFzaE1hcAUH2sHDFmDRAwACRgAKbG9hZEZhY3RvckkACXRocmVzaG9sZHhwP0AAAAAAAAx3CAAAABAAAAADdAARYmF0Y2gudGFza2xldFR5cGV0ABNqZGsucHJveHkyLiRQcm94eTcwdAANYmF0Y2gudmVyc2lvbnQABTYuMC40dAAOYmF0Y2guc3RlcFR5cGV0ADdvcmcuc3ByaW5nZnJhbWV3b3JrLmJhdGNoLmNvcmUuc3RlcC50YXNrbGV0LlRhc2tsZXRTdGVweA==
stage4-c300-r10-20260812T124000Z	188	192	COMPLETED	processIncrementalChangesStep	COMPLETED	1	1	1	0	rO0ABXNyABFqYXZhLnV0aWwuSGFzaE1hcAUH2sHDFmDRAwACRgAKbG9hZEZhY3RvckkACXRocmVzaG9sZHhwP0AAAAAAAAx3CAAAABAAAAAFdAAoaW5jcmVtZW50YWxTb3VyY2VDaGFuZ2VSZWFkZXIucmVhZC5jb3VudHNyABFqYXZhLmxhbmcuSW50ZWdlchLioKT3gYc4AgABSQAFdmFsdWV4cgAQamF2YS5sYW5nLk51bWJlcoaslR0LlOCLAgAAeHAAAAACdAARYmF0Y2gudGFza2xldFR5cGV0AD1vcmcuc3ByaW5nZnJhbWV3b3JrLmJhdGNoLmNvcmUuc3RlcC5pdGVtLkNodW5rT3JpZW50ZWRUYXNrbGV0dAANYmF0Y2gudmVyc2lvbnQABTYuMC40dAAOYmF0Y2guc3RlcFR5cGV0ADdvcmcuc3ByaW5nZnJhbWV3b3JrLmJhdGNoLmNvcmUuc3RlcC50YXNrbGV0LlRhc2tsZXRTdGVwdAApaW5jcmVtZW50YWxTb3VyY2VDaGFuZ2VSZWFkZXIuc3RhcnQuYWZ0ZXJzcgAXamF2YS51dGlsLkxpbmtlZEhhc2hNYXA0wE5cEGzA+wIAAVoAC2FjY2Vzc09yZGVyeHEAfgAAP0AAAAAAAAB3CAAAABAAAAAAeAB4
stage4-c300-r10-20260812T124000Z	188	192	COMPLETED	advanceIncrementalCheckpointStep	COMPLETED	0	0	1	0	rO0ABXNyABFqYXZhLnV0aWwuSGFzaE1hcAUH2sHDFmDRAwACRgAKbG9hZEZhY3RvckkACXRocmVzaG9sZHhwP0AAAAAAAAx3CAAAABAAAAADdAARYmF0Y2gudGFza2xldFR5cGV0ABNqZGsucHJveHkyLiRQcm94eTcwdAANYmF0Y2gudmVyc2lvbnQABTYuMC40dAAOYmF0Y2guc3RlcFR5cGV0ADdvcmcuc3ByaW5nZnJhbWV3b3JrLmJhdGNoLmNvcmUuc3RlcC50YXNrbGV0LlRhc2tsZXRTdGVweA==
stage4-c300-r11-20260812T124000Z	189	193	COMPLETED	processIncrementalChangesStep	COMPLETED	1	1	1	0	rO0ABXNyABFqYXZhLnV0aWwuSGFzaE1hcAUH2sHDFmDRAwACRgAKbG9hZEZhY3RvckkACXRocmVzaG9sZHhwP0AAAAAAAAx3CAAAABAAAAAFdAAoaW5jcmVtZW50YWxTb3VyY2VDaGFuZ2VSZWFkZXIucmVhZC5jb3VudHNyABFqYXZhLmxhbmcuSW50ZWdlchLioKT3gYc4AgABSQAFdmFsdWV4cgAQamF2YS5sYW5nLk51bWJlcoaslR0LlOCLAgAAeHAAAAACdAARYmF0Y2gudGFza2xldFR5cGV0AD1vcmcuc3ByaW5nZnJhbWV3b3JrLmJhdGNoLmNvcmUuc3RlcC5pdGVtLkNodW5rT3JpZW50ZWRUYXNrbGV0dAANYmF0Y2gudmVyc2lvbnQABTYuMC40dAAOYmF0Y2guc3RlcFR5cGV0ADdvcmcuc3ByaW5nZnJhbWV3b3JrLmJhdGNoLmNvcmUuc3RlcC50YXNrbGV0LlRhc2tsZXRTdGVwdAApaW5jcmVtZW50YWxTb3VyY2VDaGFuZ2VSZWFkZXIuc3RhcnQuYWZ0ZXJzcgAXamF2YS51dGlsLkxpbmtlZEhhc2hNYXA0wE5cEGzA+wIAAVoAC2FjY2Vzc09yZGVyeHEAfgAAP0AAAAAAAAB3CAAAABAAAAAAeAB4
stage4-c300-r11-20260812T124000Z	189	193	COMPLETED	advanceIncrementalCheckpointStep	COMPLETED	0	0	1	0	rO0ABXNyABFqYXZhLnV0aWwuSGFzaE1hcAUH2sHDFmDRAwACRgAKbG9hZEZhY3RvckkACXRocmVzaG9sZHhwP0AAAAAAAAx3CAAAABAAAAADdAARYmF0Y2gudGFza2xldFR5cGV0ABNqZGsucHJveHkyLiRQcm94eTcwdAANYmF0Y2gudmVyc2lvbnQABTYuMC40dAAOYmF0Y2guc3RlcFR5cGV0ADdvcmcuc3ByaW5nZnJhbWV3b3JrLmJhdGNoLmNvcmUuc3RlcC50YXNrbGV0LlRhc2tsZXRTdGVweA==
stage4-c300-r12-20260812T124000Z	190	194	COMPLETED	processIncrementalChangesStep	COMPLETED	0	0	1	0	rO0ABXNyABFqYXZhLnV0aWwuSGFzaE1hcAUH2sHDFmDRAwACRgAKbG9hZEZhY3RvckkACXRocmVzaG9sZHhwP0AAAAAAAAx3CAAAABAAAAAFdAAoaW5jcmVtZW50YWxTb3VyY2VDaGFuZ2VSZWFkZXIucmVhZC5jb3VudHNyABFqYXZhLmxhbmcuSW50ZWdlchLioKT3gYc4AgABSQAFdmFsdWV4cgAQamF2YS5sYW5nLk51bWJlcoaslR0LlOCLAgAAeHAAAAABdAARYmF0Y2gudGFza2xldFR5cGV0AD1vcmcuc3ByaW5nZnJhbWV3b3JrLmJhdGNoLmNvcmUuc3RlcC5pdGVtLkNodW5rT3JpZW50ZWRUYXNrbGV0dAANYmF0Y2gudmVyc2lvbnQABTYuMC40dAAOYmF0Y2guc3RlcFR5cGV0ADdvcmcuc3ByaW5nZnJhbWV3b3JrLmJhdGNoLmNvcmUuc3RlcC50YXNrbGV0LlRhc2tsZXRTdGVwdAApaW5jcmVtZW50YWxTb3VyY2VDaGFuZ2VSZWFkZXIuc3RhcnQuYWZ0ZXJzcgAXamF2YS51dGlsLkxpbmtlZEhhc2hNYXA0wE5cEGzA+wIAAVoAC2FjY2Vzc09yZGVyeHEAfgAAP0AAAAAAAAB3CAAAABAAAAAAeAB4
stage4-c300-r12-20260812T124000Z	190	194	COMPLETED	advanceIncrementalCheckpointStep	COMPLETED	0	0	1	0	rO0ABXNyABFqYXZhLnV0aWwuSGFzaE1hcAUH2sHDFmDRAwACRgAKbG9hZEZhY3RvckkACXRocmVzaG9sZHhwP0AAAAAAAAx3CAAAABAAAAADdAARYmF0Y2gudGFza2xldFR5cGV0ABNqZGsucHJveHkyLiRQcm94eTcwdAANYmF0Y2gudmVyc2lvbnQABTYuMC40dAAOYmF0Y2guc3RlcFR5cGV0ADdvcmcuc3ByaW5nZnJhbWV3b3JrLmJhdGNoLmNvcmUuc3RlcC50YXNrbGV0LlRhc2tsZXRTdGVweA==
stage4-c60-r1-20260812T124000Z	191	195	COMPLETED	processIncrementalChangesStep	COMPLETED	8	8	1	0	rO0ABXNyABFqYXZhLnV0aWwuSGFzaE1hcAUH2sHDFmDRAwACRgAKbG9hZEZhY3RvckkACXRocmVzaG9sZHhwP0AAAAAAAAx3CAAAABAAAAAFdAAoaW5jcmVtZW50YWxTb3VyY2VDaGFuZ2VSZWFkZXIucmVhZC5jb3VudHNyABFqYXZhLmxhbmcuSW50ZWdlchLioKT3gYc4AgABSQAFdmFsdWV4cgAQamF2YS5sYW5nLk51bWJlcoaslR0LlOCLAgAAeHAAAAAJdAARYmF0Y2gudGFza2xldFR5cGV0AD1vcmcuc3ByaW5nZnJhbWV3b3JrLmJhdGNoLmNvcmUuc3RlcC5pdGVtLkNodW5rT3JpZW50ZWRUYXNrbGV0dAANYmF0Y2gudmVyc2lvbnQABTYuMC40dAAOYmF0Y2guc3RlcFR5cGV0ADdvcmcuc3ByaW5nZnJhbWV3b3JrLmJhdGNoLmNvcmUuc3RlcC50YXNrbGV0LlRhc2tsZXRTdGVwdAApaW5jcmVtZW50YWxTb3VyY2VDaGFuZ2VSZWFkZXIuc3RhcnQuYWZ0ZXJzcgAXamF2YS51dGlsLkxpbmtlZEhhc2hNYXA0wE5cEGzA+wIAAVoAC2FjY2Vzc09yZGVyeHEAfgAAP0AAAAAAAAB3CAAAABAAAAAAeAB4
stage4-c60-r1-20260812T124000Z	191	195	COMPLETED	advanceIncrementalCheckpointStep	COMPLETED	0	0	1	0	rO0ABXNyABFqYXZhLnV0aWwuSGFzaE1hcAUH2sHDFmDRAwACRgAKbG9hZEZhY3RvckkACXRocmVzaG9sZHhwP0AAAAAAAAx3CAAAABAAAAADdAARYmF0Y2gudGFza2xldFR5cGV0ABNqZGsucHJveHkyLiRQcm94eTcwdAANYmF0Y2gudmVyc2lvbnQABTYuMC40dAAOYmF0Y2guc3RlcFR5cGV0ADdvcmcuc3ByaW5nZnJhbWV3b3JrLmJhdGNoLmNvcmUuc3RlcC50YXNrbGV0LlRhc2tsZXRTdGVweA==
stage4-c60-r2-20260812T124000Z	192	196	COMPLETED	processIncrementalChangesStep	COMPLETED	8	8	1	0	rO0ABXNyABFqYXZhLnV0aWwuSGFzaE1hcAUH2sHDFmDRAwACRgAKbG9hZEZhY3RvckkACXRocmVzaG9sZHhwP0AAAAAAAAx3CAAAABAAAAAFdAAoaW5jcmVtZW50YWxTb3VyY2VDaGFuZ2VSZWFkZXIucmVhZC5jb3VudHNyABFqYXZhLmxhbmcuSW50ZWdlchLioKT3gYc4AgABSQAFdmFsdWV4cgAQamF2YS5sYW5nLk51bWJlcoaslR0LlOCLAgAAeHAAAAAJdAARYmF0Y2gudGFza2xldFR5cGV0AD1vcmcuc3ByaW5nZnJhbWV3b3JrLmJhdGNoLmNvcmUuc3RlcC5pdGVtLkNodW5rT3JpZW50ZWRUYXNrbGV0dAANYmF0Y2gudmVyc2lvbnQABTYuMC40dAAOYmF0Y2guc3RlcFR5cGV0ADdvcmcuc3ByaW5nZnJhbWV3b3JrLmJhdGNoLmNvcmUuc3RlcC50YXNrbGV0LlRhc2tsZXRTdGVwdAApaW5jcmVtZW50YWxTb3VyY2VDaGFuZ2VSZWFkZXIuc3RhcnQuYWZ0ZXJzcgAXamF2YS51dGlsLkxpbmtlZEhhc2hNYXA0wE5cEGzA+wIAAVoAC2FjY2Vzc09yZGVyeHEAfgAAP0AAAAAAAAB3CAAAABAAAAAAeAB4
stage4-c60-r2-20260812T124000Z	192	196	COMPLETED	advanceIncrementalCheckpointStep	COMPLETED	0	0	1	0	rO0ABXNyABFqYXZhLnV0aWwuSGFzaE1hcAUH2sHDFmDRAwACRgAKbG9hZEZhY3RvckkACXRocmVzaG9sZHhwP0AAAAAAAAx3CAAAABAAAAADdAARYmF0Y2gudGFza2xldFR5cGV0ABNqZGsucHJveHkyLiRQcm94eTcwdAANYmF0Y2gudmVyc2lvbnQABTYuMC40dAAOYmF0Y2guc3RlcFR5cGV0ADdvcmcuc3ByaW5nZnJhbWV3b3JrLmJhdGNoLmNvcmUuc3RlcC50YXNrbGV0LlRhc2tsZXRTdGVweA==
stage4-c60-r3-20260812T124000Z	193	197	COMPLETED	processIncrementalChangesStep	COMPLETED	8	8	1	0	rO0ABXNyABFqYXZhLnV0aWwuSGFzaE1hcAUH2sHDFmDRAwACRgAKbG9hZEZhY3RvckkACXRocmVzaG9sZHhwP0AAAAAAAAx3CAAAABAAAAAFdAAoaW5jcmVtZW50YWxTb3VyY2VDaGFuZ2VSZWFkZXIucmVhZC5jb3VudHNyABFqYXZhLmxhbmcuSW50ZWdlchLioKT3gYc4AgABSQAFdmFsdWV4cgAQamF2YS5sYW5nLk51bWJlcoaslR0LlOCLAgAAeHAAAAAJdAARYmF0Y2gudGFza2xldFR5cGV0AD1vcmcuc3ByaW5nZnJhbWV3b3JrLmJhdGNoLmNvcmUuc3RlcC5pdGVtLkNodW5rT3JpZW50ZWRUYXNrbGV0dAANYmF0Y2gudmVyc2lvbnQABTYuMC40dAAOYmF0Y2guc3RlcFR5cGV0ADdvcmcuc3ByaW5nZnJhbWV3b3JrLmJhdGNoLmNvcmUuc3RlcC50YXNrbGV0LlRhc2tsZXRTdGVwdAApaW5jcmVtZW50YWxTb3VyY2VDaGFuZ2VSZWFkZXIuc3RhcnQuYWZ0ZXJzcgAXamF2YS51dGlsLkxpbmtlZEhhc2hNYXA0wE5cEGzA+wIAAVoAC2FjY2Vzc09yZGVyeHEAfgAAP0AAAAAAAAB3CAAAABAAAAAAeAB4
stage4-c60-r3-20260812T124000Z	193	197	COMPLETED	advanceIncrementalCheckpointStep	COMPLETED	0	0	1	0	rO0ABXNyABFqYXZhLnV0aWwuSGFzaE1hcAUH2sHDFmDRAwACRgAKbG9hZEZhY3RvckkACXRocmVzaG9sZHhwP0AAAAAAAAx3CAAAABAAAAADdAARYmF0Y2gudGFza2xldFR5cGV0ABNqZGsucHJveHkyLiRQcm94eTcwdAANYmF0Y2gudmVyc2lvbnQABTYuMC40dAAOYmF0Y2guc3RlcFR5cGV0ADdvcmcuc3ByaW5nZnJhbWV3b3JrLmJhdGNoLmNvcmUuc3RlcC50YXNrbGV0LlRhc2tsZXRTdGVweA==
stage4-c60-r4-20260812T124000Z	194	198	COMPLETED	processIncrementalChangesStep	COMPLETED	8	8	1	0	rO0ABXNyABFqYXZhLnV0aWwuSGFzaE1hcAUH2sHDFmDRAwACRgAKbG9hZEZhY3RvckkACXRocmVzaG9sZHhwP0AAAAAAAAx3CAAAABAAAAAFdAAoaW5jcmVtZW50YWxTb3VyY2VDaGFuZ2VSZWFkZXIucmVhZC5jb3VudHNyABFqYXZhLmxhbmcuSW50ZWdlchLioKT3gYc4AgABSQAFdmFsdWV4cgAQamF2YS5sYW5nLk51bWJlcoaslR0LlOCLAgAAeHAAAAAJdAARYmF0Y2gudGFza2xldFR5cGV0AD1vcmcuc3ByaW5nZnJhbWV3b3JrLmJhdGNoLmNvcmUuc3RlcC5pdGVtLkNodW5rT3JpZW50ZWRUYXNrbGV0dAANYmF0Y2gudmVyc2lvbnQABTYuMC40dAAOYmF0Y2guc3RlcFR5cGV0ADdvcmcuc3ByaW5nZnJhbWV3b3JrLmJhdGNoLmNvcmUuc3RlcC50YXNrbGV0LlRhc2tsZXRTdGVwdAApaW5jcmVtZW50YWxTb3VyY2VDaGFuZ2VSZWFkZXIuc3RhcnQuYWZ0ZXJzcgAXamF2YS51dGlsLkxpbmtlZEhhc2hNYXA0wE5cEGzA+wIAAVoAC2FjY2Vzc09yZGVyeHEAfgAAP0AAAAAAAAB3CAAAABAAAAAAeAB4
stage4-c60-r4-20260812T124000Z	194	198	COMPLETED	advanceIncrementalCheckpointStep	COMPLETED	0	0	1	0	rO0ABXNyABFqYXZhLnV0aWwuSGFzaE1hcAUH2sHDFmDRAwACRgAKbG9hZEZhY3RvckkACXRocmVzaG9sZHhwP0AAAAAAAAx3CAAAABAAAAADdAARYmF0Y2gudGFza2xldFR5cGV0ABNqZGsucHJveHkyLiRQcm94eTcwdAANYmF0Y2gudmVyc2lvbnQABTYuMC40dAAOYmF0Y2guc3RlcFR5cGV0ADdvcmcuc3ByaW5nZnJhbWV3b3JrLmJhdGNoLmNvcmUuc3RlcC50YXNrbGV0LlRhc2tsZXRTdGVweA==
stage4-c60-r5-20260812T124000Z	195	199	COMPLETED	processIncrementalChangesStep	COMPLETED	8	8	1	0	rO0ABXNyABFqYXZhLnV0aWwuSGFzaE1hcAUH2sHDFmDRAwACRgAKbG9hZEZhY3RvckkACXRocmVzaG9sZHhwP0AAAAAAAAx3CAAAABAAAAAFdAAoaW5jcmVtZW50YWxTb3VyY2VDaGFuZ2VSZWFkZXIucmVhZC5jb3VudHNyABFqYXZhLmxhbmcuSW50ZWdlchLioKT3gYc4AgABSQAFdmFsdWV4cgAQamF2YS5sYW5nLk51bWJlcoaslR0LlOCLAgAAeHAAAAAJdAARYmF0Y2gudGFza2xldFR5cGV0AD1vcmcuc3ByaW5nZnJhbWV3b3JrLmJhdGNoLmNvcmUuc3RlcC5pdGVtLkNodW5rT3JpZW50ZWRUYXNrbGV0dAANYmF0Y2gudmVyc2lvbnQABTYuMC40dAAOYmF0Y2guc3RlcFR5cGV0ADdvcmcuc3ByaW5nZnJhbWV3b3JrLmJhdGNoLmNvcmUuc3RlcC50YXNrbGV0LlRhc2tsZXRTdGVwdAApaW5jcmVtZW50YWxTb3VyY2VDaGFuZ2VSZWFkZXIuc3RhcnQuYWZ0ZXJzcgAXamF2YS51dGlsLkxpbmtlZEhhc2hNYXA0wE5cEGzA+wIAAVoAC2FjY2Vzc09yZGVyeHEAfgAAP0AAAAAAAAB3CAAAABAAAAAAeAB4
stage4-c60-r5-20260812T124000Z	195	199	COMPLETED	advanceIncrementalCheckpointStep	COMPLETED	0	0	1	0	rO0ABXNyABFqYXZhLnV0aWwuSGFzaE1hcAUH2sHDFmDRAwACRgAKbG9hZEZhY3RvckkACXRocmVzaG9sZHhwP0AAAAAAAAx3CAAAABAAAAADdAARYmF0Y2gudGFza2xldFR5cGV0ABNqZGsucHJveHkyLiRQcm94eTcwdAANYmF0Y2gudmVyc2lvbnQABTYuMC40dAAOYmF0Y2guc3RlcFR5cGV0ADdvcmcuc3ByaW5nZnJhbWV3b3JrLmJhdGNoLmNvcmUuc3RlcC50YXNrbGV0LlRhc2tsZXRTdGVweA==
stage4-c60-r6-20260812T124000Z	196	200	COMPLETED	processIncrementalChangesStep	COMPLETED	8	8	1	0	rO0ABXNyABFqYXZhLnV0aWwuSGFzaE1hcAUH2sHDFmDRAwACRgAKbG9hZEZhY3RvckkACXRocmVzaG9sZHhwP0AAAAAAAAx3CAAAABAAAAAFdAAoaW5jcmVtZW50YWxTb3VyY2VDaGFuZ2VSZWFkZXIucmVhZC5jb3VudHNyABFqYXZhLmxhbmcuSW50ZWdlchLioKT3gYc4AgABSQAFdmFsdWV4cgAQamF2YS5sYW5nLk51bWJlcoaslR0LlOCLAgAAeHAAAAAJdAARYmF0Y2gudGFza2xldFR5cGV0AD1vcmcuc3ByaW5nZnJhbWV3b3JrLmJhdGNoLmNvcmUuc3RlcC5pdGVtLkNodW5rT3JpZW50ZWRUYXNrbGV0dAANYmF0Y2gudmVyc2lvbnQABTYuMC40dAAOYmF0Y2guc3RlcFR5cGV0ADdvcmcuc3ByaW5nZnJhbWV3b3JrLmJhdGNoLmNvcmUuc3RlcC50YXNrbGV0LlRhc2tsZXRTdGVwdAApaW5jcmVtZW50YWxTb3VyY2VDaGFuZ2VSZWFkZXIuc3RhcnQuYWZ0ZXJzcgAXamF2YS51dGlsLkxpbmtlZEhhc2hNYXA0wE5cEGzA+wIAAVoAC2FjY2Vzc09yZGVyeHEAfgAAP0AAAAAAAAB3CAAAABAAAAAAeAB4
stage4-c60-r6-20260812T124000Z	196	200	COMPLETED	advanceIncrementalCheckpointStep	COMPLETED	0	0	1	0	rO0ABXNyABFqYXZhLnV0aWwuSGFzaE1hcAUH2sHDFmDRAwACRgAKbG9hZEZhY3RvckkACXRocmVzaG9sZHhwP0AAAAAAAAx3CAAAABAAAAADdAARYmF0Y2gudGFza2xldFR5cGV0ABNqZGsucHJveHkyLiRQcm94eTcwdAANYmF0Y2gudmVyc2lvbnQABTYuMC40dAAOYmF0Y2guc3RlcFR5cGV0ADdvcmcuc3ByaW5nZnJhbWV3b3JrLmJhdGNoLmNvcmUuc3RlcC50YXNrbGV0LlRhc2tsZXRTdGVweA==
stage4-c60-r7-20260812T124000Z	197	201	COMPLETED	processIncrementalChangesStep	COMPLETED	0	0	1	0	rO0ABXNyABFqYXZhLnV0aWwuSGFzaE1hcAUH2sHDFmDRAwACRgAKbG9hZEZhY3RvckkACXRocmVzaG9sZHhwP0AAAAAAAAx3CAAAABAAAAAFdAAoaW5jcmVtZW50YWxTb3VyY2VDaGFuZ2VSZWFkZXIucmVhZC5jb3VudHNyABFqYXZhLmxhbmcuSW50ZWdlchLioKT3gYc4AgABSQAFdmFsdWV4cgAQamF2YS5sYW5nLk51bWJlcoaslR0LlOCLAgAAeHAAAAABdAARYmF0Y2gudGFza2xldFR5cGV0AD1vcmcuc3ByaW5nZnJhbWV3b3JrLmJhdGNoLmNvcmUuc3RlcC5pdGVtLkNodW5rT3JpZW50ZWRUYXNrbGV0dAANYmF0Y2gudmVyc2lvbnQABTYuMC40dAAOYmF0Y2guc3RlcFR5cGV0ADdvcmcuc3ByaW5nZnJhbWV3b3JrLmJhdGNoLmNvcmUuc3RlcC50YXNrbGV0LlRhc2tsZXRTdGVwdAApaW5jcmVtZW50YWxTb3VyY2VDaGFuZ2VSZWFkZXIuc3RhcnQuYWZ0ZXJzcgAXamF2YS51dGlsLkxpbmtlZEhhc2hNYXA0wE5cEGzA+wIAAVoAC2FjY2Vzc09yZGVyeHEAfgAAP0AAAAAAAAB3CAAAABAAAAAAeAB4
stage4-c60-r7-20260812T124000Z	197	201	COMPLETED	advanceIncrementalCheckpointStep	COMPLETED	0	0	1	0	rO0ABXNyABFqYXZhLnV0aWwuSGFzaE1hcAUH2sHDFmDRAwACRgAKbG9hZEZhY3RvckkACXRocmVzaG9sZHhwP0AAAAAAAAx3CAAAABAAAAADdAARYmF0Y2gudGFza2xldFR5cGV0ABNqZGsucHJveHkyLiRQcm94eTcwdAANYmF0Y2gudmVyc2lvbnQABTYuMC40dAAOYmF0Y2guc3RlcFR5cGV0ADdvcmcuc3ByaW5nZnJhbWV3b3JrLmJhdGNoLmNvcmUuc3RlcC50YXNrbGV0LlRhc2tsZXRTdGVweA==
stage4-c60-r8-20260812T124000Z	198	202	COMPLETED	processIncrementalChangesStep	COMPLETED	1	1	1	0	rO0ABXNyABFqYXZhLnV0aWwuSGFzaE1hcAUH2sHDFmDRAwACRgAKbG9hZEZhY3RvckkACXRocmVzaG9sZHhwP0AAAAAAAAx3CAAAABAAAAAFdAAoaW5jcmVtZW50YWxTb3VyY2VDaGFuZ2VSZWFkZXIucmVhZC5jb3VudHNyABFqYXZhLmxhbmcuSW50ZWdlchLioKT3gYc4AgABSQAFdmFsdWV4cgAQamF2YS5sYW5nLk51bWJlcoaslR0LlOCLAgAAeHAAAAACdAARYmF0Y2gudGFza2xldFR5cGV0AD1vcmcuc3ByaW5nZnJhbWV3b3JrLmJhdGNoLmNvcmUuc3RlcC5pdGVtLkNodW5rT3JpZW50ZWRUYXNrbGV0dAANYmF0Y2gudmVyc2lvbnQABTYuMC40dAAOYmF0Y2guc3RlcFR5cGV0ADdvcmcuc3ByaW5nZnJhbWV3b3JrLmJhdGNoLmNvcmUuc3RlcC50YXNrbGV0LlRhc2tsZXRTdGVwdAApaW5jcmVtZW50YWxTb3VyY2VDaGFuZ2VSZWFkZXIuc3RhcnQuYWZ0ZXJzcgAXamF2YS51dGlsLkxpbmtlZEhhc2hNYXA0wE5cEGzA+wIAAVoAC2FjY2Vzc09yZGVyeHEAfgAAP0AAAAAAAAB3CAAAABAAAAAAeAB4
stage4-c60-r8-20260812T124000Z	198	202	COMPLETED	advanceIncrementalCheckpointStep	COMPLETED	0	0	1	0	rO0ABXNyABFqYXZhLnV0aWwuSGFzaE1hcAUH2sHDFmDRAwACRgAKbG9hZEZhY3RvckkACXRocmVzaG9sZHhwP0AAAAAAAAx3CAAAABAAAAADdAARYmF0Y2gudGFza2xldFR5cGV0ABNqZGsucHJveHkyLiRQcm94eTcwdAANYmF0Y2gudmVyc2lvbnQABTYuMC40dAAOYmF0Y2guc3RlcFR5cGV0ADdvcmcuc3ByaW5nZnJhbWV3b3JrLmJhdGNoLmNvcmUuc3RlcC50YXNrbGV0LlRhc2tsZXRTdGVweA==
stage4-c60-r9-20260812T124000Z	199	203	COMPLETED	processIncrementalChangesStep	COMPLETED	1	1	1	0	rO0ABXNyABFqYXZhLnV0aWwuSGFzaE1hcAUH2sHDFmDRAwACRgAKbG9hZEZhY3RvckkACXRocmVzaG9sZHhwP0AAAAAAAAx3CAAAABAAAAAFdAAoaW5jcmVtZW50YWxTb3VyY2VDaGFuZ2VSZWFkZXIucmVhZC5jb3VudHNyABFqYXZhLmxhbmcuSW50ZWdlchLioKT3gYc4AgABSQAFdmFsdWV4cgAQamF2YS5sYW5nLk51bWJlcoaslR0LlOCLAgAAeHAAAAACdAARYmF0Y2gudGFza2xldFR5cGV0AD1vcmcuc3ByaW5nZnJhbWV3b3JrLmJhdGNoLmNvcmUuc3RlcC5pdGVtLkNodW5rT3JpZW50ZWRUYXNrbGV0dAANYmF0Y2gudmVyc2lvbnQABTYuMC40dAAOYmF0Y2guc3RlcFR5cGV0ADdvcmcuc3ByaW5nZnJhbWV3b3JrLmJhdGNoLmNvcmUuc3RlcC50YXNrbGV0LlRhc2tsZXRTdGVwdAApaW5jcmVtZW50YWxTb3VyY2VDaGFuZ2VSZWFkZXIuc3RhcnQuYWZ0ZXJzcgAXamF2YS51dGlsLkxpbmtlZEhhc2hNYXA0wE5cEGzA+wIAAVoAC2FjY2Vzc09yZGVyeHEAfgAAP0AAAAAAAAB3CAAAABAAAAAAeAB4
stage4-c60-r9-20260812T124000Z	199	203	COMPLETED	advanceIncrementalCheckpointStep	COMPLETED	0	0	1	0	rO0ABXNyABFqYXZhLnV0aWwuSGFzaE1hcAUH2sHDFmDRAwACRgAKbG9hZEZhY3RvckkACXRocmVzaG9sZHhwP0AAAAAAAAx3CAAAABAAAAADdAARYmF0Y2gudGFza2xldFR5cGV0ABNqZGsucHJveHkyLiRQcm94eTcwdAANYmF0Y2gudmVyc2lvbnQABTYuMC40dAAOYmF0Y2guc3RlcFR5cGV0ADdvcmcuc3ByaW5nZnJhbWV3b3JrLmJhdGNoLmNvcmUuc3RlcC50YXNrbGV0LlRhc2tsZXRTdGVweA==
stage4-c60-r10-20260812T124000Z	200	204	COMPLETED	processIncrementalChangesStep	COMPLETED	1	1	1	0	rO0ABXNyABFqYXZhLnV0aWwuSGFzaE1hcAUH2sHDFmDRAwACRgAKbG9hZEZhY3RvckkACXRocmVzaG9sZHhwP0AAAAAAAAx3CAAAABAAAAAFdAAoaW5jcmVtZW50YWxTb3VyY2VDaGFuZ2VSZWFkZXIucmVhZC5jb3VudHNyABFqYXZhLmxhbmcuSW50ZWdlchLioKT3gYc4AgABSQAFdmFsdWV4cgAQamF2YS5sYW5nLk51bWJlcoaslR0LlOCLAgAAeHAAAAACdAARYmF0Y2gudGFza2xldFR5cGV0AD1vcmcuc3ByaW5nZnJhbWV3b3JrLmJhdGNoLmNvcmUuc3RlcC5pdGVtLkNodW5rT3JpZW50ZWRUYXNrbGV0dAANYmF0Y2gudmVyc2lvbnQABTYuMC40dAAOYmF0Y2guc3RlcFR5cGV0ADdvcmcuc3ByaW5nZnJhbWV3b3JrLmJhdGNoLmNvcmUuc3RlcC50YXNrbGV0LlRhc2tsZXRTdGVwdAApaW5jcmVtZW50YWxTb3VyY2VDaGFuZ2VSZWFkZXIuc3RhcnQuYWZ0ZXJzcgAXamF2YS51dGlsLkxpbmtlZEhhc2hNYXA0wE5cEGzA+wIAAVoAC2FjY2Vzc09yZGVyeHEAfgAAP0AAAAAAAAB3CAAAABAAAAAAeAB4
stage4-c60-r10-20260812T124000Z	200	204	COMPLETED	advanceIncrementalCheckpointStep	COMPLETED	0	0	1	0	rO0ABXNyABFqYXZhLnV0aWwuSGFzaE1hcAUH2sHDFmDRAwACRgAKbG9hZEZhY3RvckkACXRocmVzaG9sZHhwP0AAAAAAAAx3CAAAABAAAAADdAARYmF0Y2gudGFza2xldFR5cGV0ABNqZGsucHJveHkyLiRQcm94eTcwdAANYmF0Y2gudmVyc2lvbnQABTYuMC40dAAOYmF0Y2guc3RlcFR5cGV0ADdvcmcuc3ByaW5nZnJhbWV3b3JrLmJhdGNoLmNvcmUuc3RlcC50YXNrbGV0LlRhc2tsZXRTdGVweA==
stage4-c60-r11-20260812T124000Z	201	205	COMPLETED	processIncrementalChangesStep	COMPLETED	1	1	1	0	rO0ABXNyABFqYXZhLnV0aWwuSGFzaE1hcAUH2sHDFmDRAwACRgAKbG9hZEZhY3RvckkACXRocmVzaG9sZHhwP0AAAAAAAAx3CAAAABAAAAAFdAAoaW5jcmVtZW50YWxTb3VyY2VDaGFuZ2VSZWFkZXIucmVhZC5jb3VudHNyABFqYXZhLmxhbmcuSW50ZWdlchLioKT3gYc4AgABSQAFdmFsdWV4cgAQamF2YS5sYW5nLk51bWJlcoaslR0LlOCLAgAAeHAAAAACdAARYmF0Y2gudGFza2xldFR5cGV0AD1vcmcuc3ByaW5nZnJhbWV3b3JrLmJhdGNoLmNvcmUuc3RlcC5pdGVtLkNodW5rT3JpZW50ZWRUYXNrbGV0dAANYmF0Y2gudmVyc2lvbnQABTYuMC40dAAOYmF0Y2guc3RlcFR5cGV0ADdvcmcuc3ByaW5nZnJhbWV3b3JrLmJhdGNoLmNvcmUuc3RlcC50YXNrbGV0LlRhc2tsZXRTdGVwdAApaW5jcmVtZW50YWxTb3VyY2VDaGFuZ2VSZWFkZXIuc3RhcnQuYWZ0ZXJzcgAXamF2YS51dGlsLkxpbmtlZEhhc2hNYXA0wE5cEGzA+wIAAVoAC2FjY2Vzc09yZGVyeHEAfgAAP0AAAAAAAAB3CAAAABAAAAAAeAB4
stage4-c60-r11-20260812T124000Z	201	205	COMPLETED	advanceIncrementalCheckpointStep	COMPLETED	0	0	1	0	rO0ABXNyABFqYXZhLnV0aWwuSGFzaE1hcAUH2sHDFmDRAwACRgAKbG9hZEZhY3RvckkACXRocmVzaG9sZHhwP0AAAAAAAAx3CAAAABAAAAADdAARYmF0Y2gudGFza2xldFR5cGV0ABNqZGsucHJveHkyLiRQcm94eTcwdAANYmF0Y2gudmVyc2lvbnQABTYuMC40dAAOYmF0Y2guc3RlcFR5cGV0ADdvcmcuc3ByaW5nZnJhbWV3b3JrLmJhdGNoLmNvcmUuc3RlcC50YXNrbGV0LlRhc2tsZXRTdGVweA==
stage4-c60-r12-20260812T124000Z	202	206	COMPLETED	processIncrementalChangesStep	COMPLETED	1	1	1	0	rO0ABXNyABFqYXZhLnV0aWwuSGFzaE1hcAUH2sHDFmDRAwACRgAKbG9hZEZhY3RvckkACXRocmVzaG9sZHhwP0AAAAAAAAx3CAAAABAAAAAFdAAoaW5jcmVtZW50YWxTb3VyY2VDaGFuZ2VSZWFkZXIucmVhZC5jb3VudHNyABFqYXZhLmxhbmcuSW50ZWdlchLioKT3gYc4AgABSQAFdmFsdWV4cgAQamF2YS5sYW5nLk51bWJlcoaslR0LlOCLAgAAeHAAAAACdAARYmF0Y2gudGFza2xldFR5cGV0AD1vcmcuc3ByaW5nZnJhbWV3b3JrLmJhdGNoLmNvcmUuc3RlcC5pdGVtLkNodW5rT3JpZW50ZWRUYXNrbGV0dAANYmF0Y2gudmVyc2lvbnQABTYuMC40dAAOYmF0Y2guc3RlcFR5cGV0ADdvcmcuc3ByaW5nZnJhbWV3b3JrLmJhdGNoLmNvcmUuc3RlcC50YXNrbGV0LlRhc2tsZXRTdGVwdAApaW5jcmVtZW50YWxTb3VyY2VDaGFuZ2VSZWFkZXIuc3RhcnQuYWZ0ZXJzcgAXamF2YS51dGlsLkxpbmtlZEhhc2hNYXA0wE5cEGzA+wIAAVoAC2FjY2Vzc09yZGVyeHEAfgAAP0AAAAAAAAB3CAAAABAAAAAAeAB4
stage4-c60-r12-20260812T124000Z	202	206	COMPLETED	advanceIncrementalCheckpointStep	COMPLETED	0	0	1	0	rO0ABXNyABFqYXZhLnV0aWwuSGFzaE1hcAUH2sHDFmDRAwACRgAKbG9hZEZhY3RvckkACXRocmVzaG9sZHhwP0AAAAAAAAx3CAAAABAAAAADdAARYmF0Y2gudGFza2xldFR5cGV0ABNqZGsucHJveHkyLiRQcm94eTcwdAANYmF0Y2gudmVyc2lvbnQABTYuMC40dAAOYmF0Y2guc3RlcFR5cGV0ADdvcmcuc3ByaW5nZnJhbWV3b3JrLmJhdGNoLmNvcmUuc3RlcC50YXNrbGV0LlRhc2tsZXRTdGVweA==
stage4-c60-r13-20260812T124000Z	203	207	COMPLETED	processIncrementalChangesStep	COMPLETED	2	2	1	0	rO0ABXNyABFqYXZhLnV0aWwuSGFzaE1hcAUH2sHDFmDRAwACRgAKbG9hZEZhY3RvckkACXRocmVzaG9sZHhwP0AAAAAAAAx3CAAAABAAAAAFdAAoaW5jcmVtZW50YWxTb3VyY2VDaGFuZ2VSZWFkZXIucmVhZC5jb3VudHNyABFqYXZhLmxhbmcuSW50ZWdlchLioKT3gYc4AgABSQAFdmFsdWV4cgAQamF2YS5sYW5nLk51bWJlcoaslR0LlOCLAgAAeHAAAAADdAARYmF0Y2gudGFza2xldFR5cGV0AD1vcmcuc3ByaW5nZnJhbWV3b3JrLmJhdGNoLmNvcmUuc3RlcC5pdGVtLkNodW5rT3JpZW50ZWRUYXNrbGV0dAANYmF0Y2gudmVyc2lvbnQABTYuMC40dAAOYmF0Y2guc3RlcFR5cGV0ADdvcmcuc3ByaW5nZnJhbWV3b3JrLmJhdGNoLmNvcmUuc3RlcC50YXNrbGV0LlRhc2tsZXRTdGVwdAApaW5jcmVtZW50YWxTb3VyY2VDaGFuZ2VSZWFkZXIuc3RhcnQuYWZ0ZXJzcgAXamF2YS51dGlsLkxpbmtlZEhhc2hNYXA0wE5cEGzA+wIAAVoAC2FjY2Vzc09yZGVyeHEAfgAAP0AAAAAAAAB3CAAAABAAAAAAeAB4
stage4-c60-r13-20260812T124000Z	203	207	COMPLETED	advanceIncrementalCheckpointStep	COMPLETED	0	0	1	0	rO0ABXNyABFqYXZhLnV0aWwuSGFzaE1hcAUH2sHDFmDRAwACRgAKbG9hZEZhY3RvckkACXRocmVzaG9sZHhwP0AAAAAAAAx3CAAAABAAAAADdAARYmF0Y2gudGFza2xldFR5cGV0ABNqZGsucHJveHkyLiRQcm94eTcwdAANYmF0Y2gudmVyc2lvbnQABTYuMC40dAAOYmF0Y2guc3RlcFR5cGV0ADdvcmcuc3ByaW5nZnJhbWV3b3JrLmJhdGNoLmNvcmUuc3RlcC50YXNrbGV0LlRhc2tsZXRTdGVweA==
stage4-c60-r14-20260812T124000Z	204	208	COMPLETED	processIncrementalChangesStep	COMPLETED	1	1	1	0	rO0ABXNyABFqYXZhLnV0aWwuSGFzaE1hcAUH2sHDFmDRAwACRgAKbG9hZEZhY3RvckkACXRocmVzaG9sZHhwP0AAAAAAAAx3CAAAABAAAAAFdAAoaW5jcmVtZW50YWxTb3VyY2VDaGFuZ2VSZWFkZXIucmVhZC5jb3VudHNyABFqYXZhLmxhbmcuSW50ZWdlchLioKT3gYc4AgABSQAFdmFsdWV4cgAQamF2YS5sYW5nLk51bWJlcoaslR0LlOCLAgAAeHAAAAACdAARYmF0Y2gudGFza2xldFR5cGV0AD1vcmcuc3ByaW5nZnJhbWV3b3JrLmJhdGNoLmNvcmUuc3RlcC5pdGVtLkNodW5rT3JpZW50ZWRUYXNrbGV0dAANYmF0Y2gudmVyc2lvbnQABTYuMC40dAAOYmF0Y2guc3RlcFR5cGV0ADdvcmcuc3ByaW5nZnJhbWV3b3JrLmJhdGNoLmNvcmUuc3RlcC50YXNrbGV0LlRhc2tsZXRTdGVwdAApaW5jcmVtZW50YWxTb3VyY2VDaGFuZ2VSZWFkZXIuc3RhcnQuYWZ0ZXJzcgAXamF2YS51dGlsLkxpbmtlZEhhc2hNYXA0wE5cEGzA+wIAAVoAC2FjY2Vzc09yZGVyeHEAfgAAP0AAAAAAAAB3CAAAABAAAAAAeAB4
stage4-c60-r14-20260812T124000Z	204	208	COMPLETED	advanceIncrementalCheckpointStep	COMPLETED	0	0	1	0	rO0ABXNyABFqYXZhLnV0aWwuSGFzaE1hcAUH2sHDFmDRAwACRgAKbG9hZEZhY3RvckkACXRocmVzaG9sZHhwP0AAAAAAAAx3CAAAABAAAAADdAARYmF0Y2gudGFza2xldFR5cGV0ABNqZGsucHJveHkyLiRQcm94eTcwdAANYmF0Y2gudmVyc2lvbnQABTYuMC40dAAOYmF0Y2guc3RlcFR5cGV0ADdvcmcuc3ByaW5nZnJhbWV3b3JrLmJhdGNoLmNvcmUuc3RlcC50YXNrbGV0LlRhc2tsZXRTdGVweA==
stage4-c60-r15-20260812T124000Z	205	209	COMPLETED	processIncrementalChangesStep	COMPLETED	1	1	1	0	rO0ABXNyABFqYXZhLnV0aWwuSGFzaE1hcAUH2sHDFmDRAwACRgAKbG9hZEZhY3RvckkACXRocmVzaG9sZHhwP0AAAAAAAAx3CAAAABAAAAAFdAAoaW5jcmVtZW50YWxTb3VyY2VDaGFuZ2VSZWFkZXIucmVhZC5jb3VudHNyABFqYXZhLmxhbmcuSW50ZWdlchLioKT3gYc4AgABSQAFdmFsdWV4cgAQamF2YS5sYW5nLk51bWJlcoaslR0LlOCLAgAAeHAAAAACdAARYmF0Y2gudGFza2xldFR5cGV0AD1vcmcuc3ByaW5nZnJhbWV3b3JrLmJhdGNoLmNvcmUuc3RlcC5pdGVtLkNodW5rT3JpZW50ZWRUYXNrbGV0dAANYmF0Y2gudmVyc2lvbnQABTYuMC40dAAOYmF0Y2guc3RlcFR5cGV0ADdvcmcuc3ByaW5nZnJhbWV3b3JrLmJhdGNoLmNvcmUuc3RlcC50YXNrbGV0LlRhc2tsZXRTdGVwdAApaW5jcmVtZW50YWxTb3VyY2VDaGFuZ2VSZWFkZXIuc3RhcnQuYWZ0ZXJzcgAXamF2YS51dGlsLkxpbmtlZEhhc2hNYXA0wE5cEGzA+wIAAVoAC2FjY2Vzc09yZGVyeHEAfgAAP0AAAAAAAAB3CAAAABAAAAAAeAB4
stage4-c60-r15-20260812T124000Z	205	209	COMPLETED	advanceIncrementalCheckpointStep	COMPLETED	0	0	1	0	rO0ABXNyABFqYXZhLnV0aWwuSGFzaE1hcAUH2sHDFmDRAwACRgAKbG9hZEZhY3RvckkACXRocmVzaG9sZHhwP0AAAAAAAAx3CAAAABAAAAADdAARYmF0Y2gudGFza2xldFR5cGV0ABNqZGsucHJveHkyLiRQcm94eTcwdAANYmF0Y2gudmVyc2lvbnQABTYuMC40dAAOYmF0Y2guc3RlcFR5cGV0ADdvcmcuc3ByaW5nZnJhbWV3b3JrLmJhdGNoLmNvcmUuc3RlcC50YXNrbGV0LlRhc2tsZXRTdGVweA==
stage4-c60-r16-20260812T124000Z	206	210	COMPLETED	processIncrementalChangesStep	COMPLETED	1	1	1	0	rO0ABXNyABFqYXZhLnV0aWwuSGFzaE1hcAUH2sHDFmDRAwACRgAKbG9hZEZhY3RvckkACXRocmVzaG9sZHhwP0AAAAAAAAx3CAAAABAAAAAFdAAoaW5jcmVtZW50YWxTb3VyY2VDaGFuZ2VSZWFkZXIucmVhZC5jb3VudHNyABFqYXZhLmxhbmcuSW50ZWdlchLioKT3gYc4AgABSQAFdmFsdWV4cgAQamF2YS5sYW5nLk51bWJlcoaslR0LlOCLAgAAeHAAAAACdAARYmF0Y2gudGFza2xldFR5cGV0AD1vcmcuc3ByaW5nZnJhbWV3b3JrLmJhdGNoLmNvcmUuc3RlcC5pdGVtLkNodW5rT3JpZW50ZWRUYXNrbGV0dAANYmF0Y2gudmVyc2lvbnQABTYuMC40dAAOYmF0Y2guc3RlcFR5cGV0ADdvcmcuc3ByaW5nZnJhbWV3b3JrLmJhdGNoLmNvcmUuc3RlcC50YXNrbGV0LlRhc2tsZXRTdGVwdAApaW5jcmVtZW50YWxTb3VyY2VDaGFuZ2VSZWFkZXIuc3RhcnQuYWZ0ZXJzcgAXamF2YS51dGlsLkxpbmtlZEhhc2hNYXA0wE5cEGzA+wIAAVoAC2FjY2Vzc09yZGVyeHEAfgAAP0AAAAAAAAB3CAAAABAAAAAAeAB4
stage4-c60-r16-20260812T124000Z	206	210	COMPLETED	advanceIncrementalCheckpointStep	COMPLETED	0	0	1	0	rO0ABXNyABFqYXZhLnV0aWwuSGFzaE1hcAUH2sHDFmDRAwACRgAKbG9hZEZhY3RvckkACXRocmVzaG9sZHhwP0AAAAAAAAx3CAAAABAAAAADdAARYmF0Y2gudGFza2xldFR5cGV0ABNqZGsucHJveHkyLiRQcm94eTcwdAANYmF0Y2gudmVyc2lvbnQABTYuMC40dAAOYmF0Y2guc3RlcFR5cGV0ADdvcmcuc3ByaW5nZnJhbWV3b3JrLmJhdGNoLmNvcmUuc3RlcC50YXNrbGV0LlRhc2tsZXRTdGVweA==
stage4-c60-r17-20260812T124000Z	207	211	COMPLETED	processIncrementalChangesStep	COMPLETED	1	1	1	0	rO0ABXNyABFqYXZhLnV0aWwuSGFzaE1hcAUH2sHDFmDRAwACRgAKbG9hZEZhY3RvckkACXRocmVzaG9sZHhwP0AAAAAAAAx3CAAAABAAAAAFdAAoaW5jcmVtZW50YWxTb3VyY2VDaGFuZ2VSZWFkZXIucmVhZC5jb3VudHNyABFqYXZhLmxhbmcuSW50ZWdlchLioKT3gYc4AgABSQAFdmFsdWV4cgAQamF2YS5sYW5nLk51bWJlcoaslR0LlOCLAgAAeHAAAAACdAARYmF0Y2gudGFza2xldFR5cGV0AD1vcmcuc3ByaW5nZnJhbWV3b3JrLmJhdGNoLmNvcmUuc3RlcC5pdGVtLkNodW5rT3JpZW50ZWRUYXNrbGV0dAANYmF0Y2gudmVyc2lvbnQABTYuMC40dAAOYmF0Y2guc3RlcFR5cGV0ADdvcmcuc3ByaW5nZnJhbWV3b3JrLmJhdGNoLmNvcmUuc3RlcC50YXNrbGV0LlRhc2tsZXRTdGVwdAApaW5jcmVtZW50YWxTb3VyY2VDaGFuZ2VSZWFkZXIuc3RhcnQuYWZ0ZXJzcgAXamF2YS51dGlsLkxpbmtlZEhhc2hNYXA0wE5cEGzA+wIAAVoAC2FjY2Vzc09yZGVyeHEAfgAAP0AAAAAAAAB3CAAAABAAAAAAeAB4
stage4-c60-r17-20260812T124000Z	207	211	COMPLETED	advanceIncrementalCheckpointStep	COMPLETED	0	0	1	0	rO0ABXNyABFqYXZhLnV0aWwuSGFzaE1hcAUH2sHDFmDRAwACRgAKbG9hZEZhY3RvckkACXRocmVzaG9sZHhwP0AAAAAAAAx3CAAAABAAAAADdAARYmF0Y2gudGFza2xldFR5cGV0ABNqZGsucHJveHkyLiRQcm94eTcwdAANYmF0Y2gudmVyc2lvbnQABTYuMC40dAAOYmF0Y2guc3RlcFR5cGV0ADdvcmcuc3ByaW5nZnJhbWV3b3JrLmJhdGNoLmNvcmUuc3RlcC50YXNrbGV0LlRhc2tsZXRTdGVweA==
stage4-c60-r18-20260812T124000Z	208	212	COMPLETED	processIncrementalChangesStep	COMPLETED	1	1	1	0	rO0ABXNyABFqYXZhLnV0aWwuSGFzaE1hcAUH2sHDFmDRAwACRgAKbG9hZEZhY3RvckkACXRocmVzaG9sZHhwP0AAAAAAAAx3CAAAABAAAAAFdAAoaW5jcmVtZW50YWxTb3VyY2VDaGFuZ2VSZWFkZXIucmVhZC5jb3VudHNyABFqYXZhLmxhbmcuSW50ZWdlchLioKT3gYc4AgABSQAFdmFsdWV4cgAQamF2YS5sYW5nLk51bWJlcoaslR0LlOCLAgAAeHAAAAACdAARYmF0Y2gudGFza2xldFR5cGV0AD1vcmcuc3ByaW5nZnJhbWV3b3JrLmJhdGNoLmNvcmUuc3RlcC5pdGVtLkNodW5rT3JpZW50ZWRUYXNrbGV0dAANYmF0Y2gudmVyc2lvbnQABTYuMC40dAAOYmF0Y2guc3RlcFR5cGV0ADdvcmcuc3ByaW5nZnJhbWV3b3JrLmJhdGNoLmNvcmUuc3RlcC50YXNrbGV0LlRhc2tsZXRTdGVwdAApaW5jcmVtZW50YWxTb3VyY2VDaGFuZ2VSZWFkZXIuc3RhcnQuYWZ0ZXJzcgAXamF2YS51dGlsLkxpbmtlZEhhc2hNYXA0wE5cEGzA+wIAAVoAC2FjY2Vzc09yZGVyeHEAfgAAP0AAAAAAAAB3CAAAABAAAAAAeAB4
stage4-c60-r18-20260812T124000Z	208	212	COMPLETED	advanceIncrementalCheckpointStep	COMPLETED	0	0	1	0	rO0ABXNyABFqYXZhLnV0aWwuSGFzaE1hcAUH2sHDFmDRAwACRgAKbG9hZEZhY3RvckkACXRocmVzaG9sZHhwP0AAAAAAAAx3CAAAABAAAAADdAARYmF0Y2gudGFza2xldFR5cGV0ABNqZGsucHJveHkyLiRQcm94eTcwdAANYmF0Y2gudmVyc2lvbnQABTYuMC40dAAOYmF0Y2guc3RlcFR5cGV0ADdvcmcuc3ByaW5nZnJhbWV3b3JrLmJhdGNoLmNvcmUuc3RlcC50YXNrbGV0LlRhc2tsZXRTdGVweA==
stage4-c60-r19-20260812T124000Z	209	213	COMPLETED	processIncrementalChangesStep	COMPLETED	0	0	1	0	rO0ABXNyABFqYXZhLnV0aWwuSGFzaE1hcAUH2sHDFmDRAwACRgAKbG9hZEZhY3RvckkACXRocmVzaG9sZHhwP0AAAAAAAAx3CAAAABAAAAAFdAAoaW5jcmVtZW50YWxTb3VyY2VDaGFuZ2VSZWFkZXIucmVhZC5jb3VudHNyABFqYXZhLmxhbmcuSW50ZWdlchLioKT3gYc4AgABSQAFdmFsdWV4cgAQamF2YS5sYW5nLk51bWJlcoaslR0LlOCLAgAAeHAAAAABdAARYmF0Y2gudGFza2xldFR5cGV0AD1vcmcuc3ByaW5nZnJhbWV3b3JrLmJhdGNoLmNvcmUuc3RlcC5pdGVtLkNodW5rT3JpZW50ZWRUYXNrbGV0dAANYmF0Y2gudmVyc2lvbnQABTYuMC40dAAOYmF0Y2guc3RlcFR5cGV0ADdvcmcuc3ByaW5nZnJhbWV3b3JrLmJhdGNoLmNvcmUuc3RlcC50YXNrbGV0LlRhc2tsZXRTdGVwdAApaW5jcmVtZW50YWxTb3VyY2VDaGFuZ2VSZWFkZXIuc3RhcnQuYWZ0ZXJzcgAXamF2YS51dGlsLkxpbmtlZEhhc2hNYXA0wE5cEGzA+wIAAVoAC2FjY2Vzc09yZGVyeHEAfgAAP0AAAAAAAAB3CAAAABAAAAAAeAB4
stage4-c60-r19-20260812T124000Z	209	213	COMPLETED	advanceIncrementalCheckpointStep	COMPLETED	0	0	1	0	rO0ABXNyABFqYXZhLnV0aWwuSGFzaE1hcAUH2sHDFmDRAwACRgAKbG9hZEZhY3RvckkACXRocmVzaG9sZHhwP0AAAAAAAAx3CAAAABAAAAADdAARYmF0Y2gudGFza2xldFR5cGV0ABNqZGsucHJveHkyLiRQcm94eTcwdAANYmF0Y2gudmVyc2lvbnQABTYuMC40dAAOYmF0Y2guc3RlcFR5cGV0ADdvcmcuc3ByaW5nZnJhbWV3b3JrLmJhdGNoLmNvcmUuc3RlcC50YXNrbGV0LlRhc2tsZXRTdGVweA==
stage4-c60-r20-20260812T124000Z	210	214	COMPLETED	processIncrementalChangesStep	COMPLETED	0	0	1	0	rO0ABXNyABFqYXZhLnV0aWwuSGFzaE1hcAUH2sHDFmDRAwACRgAKbG9hZEZhY3RvckkACXRocmVzaG9sZHhwP0AAAAAAAAx3CAAAABAAAAAFdAAoaW5jcmVtZW50YWxTb3VyY2VDaGFuZ2VSZWFkZXIucmVhZC5jb3VudHNyABFqYXZhLmxhbmcuSW50ZWdlchLioKT3gYc4AgABSQAFdmFsdWV4cgAQamF2YS5sYW5nLk51bWJlcoaslR0LlOCLAgAAeHAAAAABdAARYmF0Y2gudGFza2xldFR5cGV0AD1vcmcuc3ByaW5nZnJhbWV3b3JrLmJhdGNoLmNvcmUuc3RlcC5pdGVtLkNodW5rT3JpZW50ZWRUYXNrbGV0dAANYmF0Y2gudmVyc2lvbnQABTYuMC40dAAOYmF0Y2guc3RlcFR5cGV0ADdvcmcuc3ByaW5nZnJhbWV3b3JrLmJhdGNoLmNvcmUuc3RlcC50YXNrbGV0LlRhc2tsZXRTdGVwdAApaW5jcmVtZW50YWxTb3VyY2VDaGFuZ2VSZWFkZXIuc3RhcnQuYWZ0ZXJzcgAXamF2YS51dGlsLkxpbmtlZEhhc2hNYXA0wE5cEGzA+wIAAVoAC2FjY2Vzc09yZGVyeHEAfgAAP0AAAAAAAAB3CAAAABAAAAAAeAB4
stage4-c60-r20-20260812T124000Z	210	214	COMPLETED	advanceIncrementalCheckpointStep	COMPLETED	0	0	1	0	rO0ABXNyABFqYXZhLnV0aWwuSGFzaE1hcAUH2sHDFmDRAwACRgAKbG9hZEZhY3RvckkACXRocmVzaG9sZHhwP0AAAAAAAAx3CAAAABAAAAADdAARYmF0Y2gudGFza2xldFR5cGV0ABNqZGsucHJveHkyLiRQcm94eTcwdAANYmF0Y2gudmVyc2lvbnQABTYuMC40dAAOYmF0Y2guc3RlcFR5cGV0ADdvcmcuc3ByaW5nZnJhbWV3b3JrLmJhdGNoLmNvcmUuc3RlcC50YXNrbGV0LlRhc2tsZXRTdGVweA==
stage4-c60-r21-20260812T124000Z	211	215	COMPLETED	processIncrementalChangesStep	COMPLETED	0	0	1	0	rO0ABXNyABFqYXZhLnV0aWwuSGFzaE1hcAUH2sHDFmDRAwACRgAKbG9hZEZhY3RvckkACXRocmVzaG9sZHhwP0AAAAAAAAx3CAAAABAAAAAFdAAoaW5jcmVtZW50YWxTb3VyY2VDaGFuZ2VSZWFkZXIucmVhZC5jb3VudHNyABFqYXZhLmxhbmcuSW50ZWdlchLioKT3gYc4AgABSQAFdmFsdWV4cgAQamF2YS5sYW5nLk51bWJlcoaslR0LlOCLAgAAeHAAAAABdAARYmF0Y2gudGFza2xldFR5cGV0AD1vcmcuc3ByaW5nZnJhbWV3b3JrLmJhdGNoLmNvcmUuc3RlcC5pdGVtLkNodW5rT3JpZW50ZWRUYXNrbGV0dAANYmF0Y2gudmVyc2lvbnQABTYuMC40dAAOYmF0Y2guc3RlcFR5cGV0ADdvcmcuc3ByaW5nZnJhbWV3b3JrLmJhdGNoLmNvcmUuc3RlcC50YXNrbGV0LlRhc2tsZXRTdGVwdAApaW5jcmVtZW50YWxTb3VyY2VDaGFuZ2VSZWFkZXIuc3RhcnQuYWZ0ZXJzcgAXamF2YS51dGlsLkxpbmtlZEhhc2hNYXA0wE5cEGzA+wIAAVoAC2FjY2Vzc09yZGVyeHEAfgAAP0AAAAAAAAB3CAAAABAAAAAAeAB4
stage4-c60-r21-20260812T124000Z	211	215	COMPLETED	advanceIncrementalCheckpointStep	COMPLETED	0	0	1	0	rO0ABXNyABFqYXZhLnV0aWwuSGFzaE1hcAUH2sHDFmDRAwACRgAKbG9hZEZhY3RvckkACXRocmVzaG9sZHhwP0AAAAAAAAx3CAAAABAAAAADdAARYmF0Y2gudGFza2xldFR5cGV0ABNqZGsucHJveHkyLiRQcm94eTcwdAANYmF0Y2gudmVyc2lvbnQABTYuMC40dAAOYmF0Y2guc3RlcFR5cGV0ADdvcmcuc3ByaW5nZnJhbWV3b3JrLmJhdGNoLmNvcmUuc3RlcC50YXNrbGV0LlRhc2tsZXRTdGVweA==
stage4-c60-r22-20260812T124000Z	212	216	COMPLETED	processIncrementalChangesStep	COMPLETED	3	3	1	0	rO0ABXNyABFqYXZhLnV0aWwuSGFzaE1hcAUH2sHDFmDRAwACRgAKbG9hZEZhY3RvckkACXRocmVzaG9sZHhwP0AAAAAAAAx3CAAAABAAAAAFdAAoaW5jcmVtZW50YWxTb3VyY2VDaGFuZ2VSZWFkZXIucmVhZC5jb3VudHNyABFqYXZhLmxhbmcuSW50ZWdlchLioKT3gYc4AgABSQAFdmFsdWV4cgAQamF2YS5sYW5nLk51bWJlcoaslR0LlOCLAgAAeHAAAAAEdAARYmF0Y2gudGFza2xldFR5cGV0AD1vcmcuc3ByaW5nZnJhbWV3b3JrLmJhdGNoLmNvcmUuc3RlcC5pdGVtLkNodW5rT3JpZW50ZWRUYXNrbGV0dAANYmF0Y2gudmVyc2lvbnQABTYuMC40dAAOYmF0Y2guc3RlcFR5cGV0ADdvcmcuc3ByaW5nZnJhbWV3b3JrLmJhdGNoLmNvcmUuc3RlcC50YXNrbGV0LlRhc2tsZXRTdGVwdAApaW5jcmVtZW50YWxTb3VyY2VDaGFuZ2VSZWFkZXIuc3RhcnQuYWZ0ZXJzcgAXamF2YS51dGlsLkxpbmtlZEhhc2hNYXA0wE5cEGzA+wIAAVoAC2FjY2Vzc09yZGVyeHEAfgAAP0AAAAAAAAB3CAAAABAAAAAAeAB4
stage4-c60-r22-20260812T124000Z	212	216	COMPLETED	advanceIncrementalCheckpointStep	COMPLETED	0	0	1	0	rO0ABXNyABFqYXZhLnV0aWwuSGFzaE1hcAUH2sHDFmDRAwACRgAKbG9hZEZhY3RvckkACXRocmVzaG9sZHhwP0AAAAAAAAx3CAAAABAAAAADdAARYmF0Y2gudGFza2xldFR5cGV0ABNqZGsucHJveHkyLiRQcm94eTcwdAANYmF0Y2gudmVyc2lvbnQABTYuMC40dAAOYmF0Y2guc3RlcFR5cGV0ADdvcmcuc3ByaW5nZnJhbWV3b3JrLmJhdGNoLmNvcmUuc3RlcC50YXNrbGV0LlRhc2tsZXRTdGVweA==
stage4-c60-r23-20260812T124000Z	213	217	COMPLETED	processIncrementalChangesStep	COMPLETED	3	3	1	0	rO0ABXNyABFqYXZhLnV0aWwuSGFzaE1hcAUH2sHDFmDRAwACRgAKbG9hZEZhY3RvckkACXRocmVzaG9sZHhwP0AAAAAAAAx3CAAAABAAAAAFdAAoaW5jcmVtZW50YWxTb3VyY2VDaGFuZ2VSZWFkZXIucmVhZC5jb3VudHNyABFqYXZhLmxhbmcuSW50ZWdlchLioKT3gYc4AgABSQAFdmFsdWV4cgAQamF2YS5sYW5nLk51bWJlcoaslR0LlOCLAgAAeHAAAAAEdAARYmF0Y2gudGFza2xldFR5cGV0AD1vcmcuc3ByaW5nZnJhbWV3b3JrLmJhdGNoLmNvcmUuc3RlcC5pdGVtLkNodW5rT3JpZW50ZWRUYXNrbGV0dAANYmF0Y2gudmVyc2lvbnQABTYuMC40dAAOYmF0Y2guc3RlcFR5cGV0ADdvcmcuc3ByaW5nZnJhbWV3b3JrLmJhdGNoLmNvcmUuc3RlcC50YXNrbGV0LlRhc2tsZXRTdGVwdAApaW5jcmVtZW50YWxTb3VyY2VDaGFuZ2VSZWFkZXIuc3RhcnQuYWZ0ZXJzcgAXamF2YS51dGlsLkxpbmtlZEhhc2hNYXA0wE5cEGzA+wIAAVoAC2FjY2Vzc09yZGVyeHEAfgAAP0AAAAAAAAB3CAAAABAAAAAAeAB4
stage4-c60-r23-20260812T124000Z	213	217	COMPLETED	advanceIncrementalCheckpointStep	COMPLETED	0	0	1	0	rO0ABXNyABFqYXZhLnV0aWwuSGFzaE1hcAUH2sHDFmDRAwACRgAKbG9hZEZhY3RvckkACXRocmVzaG9sZHhwP0AAAAAAAAx3CAAAABAAAAADdAARYmF0Y2gudGFza2xldFR5cGV0ABNqZGsucHJveHkyLiRQcm94eTcwdAANYmF0Y2gudmVyc2lvbnQABTYuMC40dAAOYmF0Y2guc3RlcFR5cGV0ADdvcmcuc3ByaW5nZnJhbWV3b3JrLmJhdGNoLmNvcmUuc3RlcC50YXNrbGV0LlRhc2tsZXRTdGVweA==
stage4-c60-r24-20260812T124000Z	214	218	COMPLETED	processIncrementalChangesStep	COMPLETED	3	3	1	0	rO0ABXNyABFqYXZhLnV0aWwuSGFzaE1hcAUH2sHDFmDRAwACRgAKbG9hZEZhY3RvckkACXRocmVzaG9sZHhwP0AAAAAAAAx3CAAAABAAAAAFdAAoaW5jcmVtZW50YWxTb3VyY2VDaGFuZ2VSZWFkZXIucmVhZC5jb3VudHNyABFqYXZhLmxhbmcuSW50ZWdlchLioKT3gYc4AgABSQAFdmFsdWV4cgAQamF2YS5sYW5nLk51bWJlcoaslR0LlOCLAgAAeHAAAAAEdAARYmF0Y2gudGFza2xldFR5cGV0AD1vcmcuc3ByaW5nZnJhbWV3b3JrLmJhdGNoLmNvcmUuc3RlcC5pdGVtLkNodW5rT3JpZW50ZWRUYXNrbGV0dAANYmF0Y2gudmVyc2lvbnQABTYuMC40dAAOYmF0Y2guc3RlcFR5cGV0ADdvcmcuc3ByaW5nZnJhbWV3b3JrLmJhdGNoLmNvcmUuc3RlcC50YXNrbGV0LlRhc2tsZXRTdGVwdAApaW5jcmVtZW50YWxTb3VyY2VDaGFuZ2VSZWFkZXIuc3RhcnQuYWZ0ZXJzcgAXamF2YS51dGlsLkxpbmtlZEhhc2hNYXA0wE5cEGzA+wIAAVoAC2FjY2Vzc09yZGVyeHEAfgAAP0AAAAAAAAB3CAAAABAAAAAAeAB4
stage4-c60-r24-20260812T124000Z	214	218	COMPLETED	advanceIncrementalCheckpointStep	COMPLETED	0	0	1	0	rO0ABXNyABFqYXZhLnV0aWwuSGFzaE1hcAUH2sHDFmDRAwACRgAKbG9hZEZhY3RvckkACXRocmVzaG9sZHhwP0AAAAAAAAx3CAAAABAAAAADdAARYmF0Y2gudGFza2xldFR5cGV0ABNqZGsucHJveHkyLiRQcm94eTcwdAANYmF0Y2gudmVyc2lvbnQABTYuMC40dAAOYmF0Y2guc3RlcFR5cGV0ADdvcmcuc3ByaW5nZnJhbWV3b3JrLmJhdGNoLmNvcmUuc3RlcC50YXNrbGV0LlRhc2tsZXRTdGVweA==
stage4-c60-r25-20260812T124000Z	215	219	COMPLETED	processIncrementalChangesStep	COMPLETED	3	3	1	0	rO0ABXNyABFqYXZhLnV0aWwuSGFzaE1hcAUH2sHDFmDRAwACRgAKbG9hZEZhY3RvckkACXRocmVzaG9sZHhwP0AAAAAAAAx3CAAAABAAAAAFdAAoaW5jcmVtZW50YWxTb3VyY2VDaGFuZ2VSZWFkZXIucmVhZC5jb3VudHNyABFqYXZhLmxhbmcuSW50ZWdlchLioKT3gYc4AgABSQAFdmFsdWV4cgAQamF2YS5sYW5nLk51bWJlcoaslR0LlOCLAgAAeHAAAAAEdAARYmF0Y2gudGFza2xldFR5cGV0AD1vcmcuc3ByaW5nZnJhbWV3b3JrLmJhdGNoLmNvcmUuc3RlcC5pdGVtLkNodW5rT3JpZW50ZWRUYXNrbGV0dAANYmF0Y2gudmVyc2lvbnQABTYuMC40dAAOYmF0Y2guc3RlcFR5cGV0ADdvcmcuc3ByaW5nZnJhbWV3b3JrLmJhdGNoLmNvcmUuc3RlcC50YXNrbGV0LlRhc2tsZXRTdGVwdAApaW5jcmVtZW50YWxTb3VyY2VDaGFuZ2VSZWFkZXIuc3RhcnQuYWZ0ZXJzcgAXamF2YS51dGlsLkxpbmtlZEhhc2hNYXA0wE5cEGzA+wIAAVoAC2FjY2Vzc09yZGVyeHEAfgAAP0AAAAAAAAB3CAAAABAAAAAAeAB4
stage4-c60-r25-20260812T124000Z	215	219	COMPLETED	advanceIncrementalCheckpointStep	COMPLETED	0	0	1	0	rO0ABXNyABFqYXZhLnV0aWwuSGFzaE1hcAUH2sHDFmDRAwACRgAKbG9hZEZhY3RvckkACXRocmVzaG9sZHhwP0AAAAAAAAx3CAAAABAAAAADdAARYmF0Y2gudGFza2xldFR5cGV0ABNqZGsucHJveHkyLiRQcm94eTcwdAANYmF0Y2gudmVyc2lvbnQABTYuMC40dAAOYmF0Y2guc3RlcFR5cGV0ADdvcmcuc3ByaW5nZnJhbWV3b3JrLmJhdGNoLmNvcmUuc3RlcC50YXNrbGV0LlRhc2tsZXRTdGVweA==
stage4-c60-r26-20260812T124000Z	216	220	COMPLETED	processIncrementalChangesStep	COMPLETED	3	3	1	0	rO0ABXNyABFqYXZhLnV0aWwuSGFzaE1hcAUH2sHDFmDRAwACRgAKbG9hZEZhY3RvckkACXRocmVzaG9sZHhwP0AAAAAAAAx3CAAAABAAAAAFdAAoaW5jcmVtZW50YWxTb3VyY2VDaGFuZ2VSZWFkZXIucmVhZC5jb3VudHNyABFqYXZhLmxhbmcuSW50ZWdlchLioKT3gYc4AgABSQAFdmFsdWV4cgAQamF2YS5sYW5nLk51bWJlcoaslR0LlOCLAgAAeHAAAAAEdAARYmF0Y2gudGFza2xldFR5cGV0AD1vcmcuc3ByaW5nZnJhbWV3b3JrLmJhdGNoLmNvcmUuc3RlcC5pdGVtLkNodW5rT3JpZW50ZWRUYXNrbGV0dAANYmF0Y2gudmVyc2lvbnQABTYuMC40dAAOYmF0Y2guc3RlcFR5cGV0ADdvcmcuc3ByaW5nZnJhbWV3b3JrLmJhdGNoLmNvcmUuc3RlcC50YXNrbGV0LlRhc2tsZXRTdGVwdAApaW5jcmVtZW50YWxTb3VyY2VDaGFuZ2VSZWFkZXIuc3RhcnQuYWZ0ZXJzcgAXamF2YS51dGlsLkxpbmtlZEhhc2hNYXA0wE5cEGzA+wIAAVoAC2FjY2Vzc09yZGVyeHEAfgAAP0AAAAAAAAB3CAAAABAAAAAAeAB4
stage4-c60-r26-20260812T124000Z	216	220	COMPLETED	advanceIncrementalCheckpointStep	COMPLETED	0	0	1	0	rO0ABXNyABFqYXZhLnV0aWwuSGFzaE1hcAUH2sHDFmDRAwACRgAKbG9hZEZhY3RvckkACXRocmVzaG9sZHhwP0AAAAAAAAx3CAAAABAAAAADdAARYmF0Y2gudGFza2xldFR5cGV0ABNqZGsucHJveHkyLiRQcm94eTcwdAANYmF0Y2gudmVyc2lvbnQABTYuMC40dAAOYmF0Y2guc3RlcFR5cGV0ADdvcmcuc3ByaW5nZnJhbWV3b3JrLmJhdGNoLmNvcmUuc3RlcC50YXNrbGV0LlRhc2tsZXRTdGVweA==
stage4-c60-r27-20260812T124000Z	217	221	COMPLETED	processIncrementalChangesStep	COMPLETED	3	3	1	0	rO0ABXNyABFqYXZhLnV0aWwuSGFzaE1hcAUH2sHDFmDRAwACRgAKbG9hZEZhY3RvckkACXRocmVzaG9sZHhwP0AAAAAAAAx3CAAAABAAAAAFdAAoaW5jcmVtZW50YWxTb3VyY2VDaGFuZ2VSZWFkZXIucmVhZC5jb3VudHNyABFqYXZhLmxhbmcuSW50ZWdlchLioKT3gYc4AgABSQAFdmFsdWV4cgAQamF2YS5sYW5nLk51bWJlcoaslR0LlOCLAgAAeHAAAAAEdAARYmF0Y2gudGFza2xldFR5cGV0AD1vcmcuc3ByaW5nZnJhbWV3b3JrLmJhdGNoLmNvcmUuc3RlcC5pdGVtLkNodW5rT3JpZW50ZWRUYXNrbGV0dAANYmF0Y2gudmVyc2lvbnQABTYuMC40dAAOYmF0Y2guc3RlcFR5cGV0ADdvcmcuc3ByaW5nZnJhbWV3b3JrLmJhdGNoLmNvcmUuc3RlcC50YXNrbGV0LlRhc2tsZXRTdGVwdAApaW5jcmVtZW50YWxTb3VyY2VDaGFuZ2VSZWFkZXIuc3RhcnQuYWZ0ZXJzcgAXamF2YS51dGlsLkxpbmtlZEhhc2hNYXA0wE5cEGzA+wIAAVoAC2FjY2Vzc09yZGVyeHEAfgAAP0AAAAAAAAB3CAAAABAAAAAAeAB4
stage4-c60-r27-20260812T124000Z	217	221	COMPLETED	advanceIncrementalCheckpointStep	COMPLETED	0	0	1	0	rO0ABXNyABFqYXZhLnV0aWwuSGFzaE1hcAUH2sHDFmDRAwACRgAKbG9hZEZhY3RvckkACXRocmVzaG9sZHhwP0AAAAAAAAx3CAAAABAAAAADdAARYmF0Y2gudGFza2xldFR5cGV0ABNqZGsucHJveHkyLiRQcm94eTcwdAANYmF0Y2gudmVyc2lvbnQABTYuMC40dAAOYmF0Y2guc3RlcFR5cGV0ADdvcmcuc3ByaW5nZnJhbWV3b3JrLmJhdGNoLmNvcmUuc3RlcC50YXNrbGV0LlRhc2tsZXRTdGVweA==
stage4-c60-r28-20260812T124000Z	218	222	COMPLETED	processIncrementalChangesStep	COMPLETED	0	0	1	0	rO0ABXNyABFqYXZhLnV0aWwuSGFzaE1hcAUH2sHDFmDRAwACRgAKbG9hZEZhY3RvckkACXRocmVzaG9sZHhwP0AAAAAAAAx3CAAAABAAAAAFdAAoaW5jcmVtZW50YWxTb3VyY2VDaGFuZ2VSZWFkZXIucmVhZC5jb3VudHNyABFqYXZhLmxhbmcuSW50ZWdlchLioKT3gYc4AgABSQAFdmFsdWV4cgAQamF2YS5sYW5nLk51bWJlcoaslR0LlOCLAgAAeHAAAAABdAARYmF0Y2gudGFza2xldFR5cGV0AD1vcmcuc3ByaW5nZnJhbWV3b3JrLmJhdGNoLmNvcmUuc3RlcC5pdGVtLkNodW5rT3JpZW50ZWRUYXNrbGV0dAANYmF0Y2gudmVyc2lvbnQABTYuMC40dAAOYmF0Y2guc3RlcFR5cGV0ADdvcmcuc3ByaW5nZnJhbWV3b3JrLmJhdGNoLmNvcmUuc3RlcC50YXNrbGV0LlRhc2tsZXRTdGVwdAApaW5jcmVtZW50YWxTb3VyY2VDaGFuZ2VSZWFkZXIuc3RhcnQuYWZ0ZXJzcgAXamF2YS51dGlsLkxpbmtlZEhhc2hNYXA0wE5cEGzA+wIAAVoAC2FjY2Vzc09yZGVyeHEAfgAAP0AAAAAAAAB3CAAAABAAAAAAeAB4
stage4-c60-r28-20260812T124000Z	218	222	COMPLETED	advanceIncrementalCheckpointStep	COMPLETED	0	0	1	0	rO0ABXNyABFqYXZhLnV0aWwuSGFzaE1hcAUH2sHDFmDRAwACRgAKbG9hZEZhY3RvckkACXRocmVzaG9sZHhwP0AAAAAAAAx3CAAAABAAAAADdAARYmF0Y2gudGFza2xldFR5cGV0ABNqZGsucHJveHkyLiRQcm94eTcwdAANYmF0Y2gudmVyc2lvbnQABTYuMC40dAAOYmF0Y2guc3RlcFR5cGV0ADdvcmcuc3ByaW5nZnJhbWV3b3JrLmJhdGNoLmNvcmUuc3RlcC50YXNrbGV0LlRhc2tsZXRTdGVweA==
stage4-c60-r29-20260812T124000Z	219	223	COMPLETED	processIncrementalChangesStep	COMPLETED	0	0	1	0	rO0ABXNyABFqYXZhLnV0aWwuSGFzaE1hcAUH2sHDFmDRAwACRgAKbG9hZEZhY3RvckkACXRocmVzaG9sZHhwP0AAAAAAAAx3CAAAABAAAAAFdAAoaW5jcmVtZW50YWxTb3VyY2VDaGFuZ2VSZWFkZXIucmVhZC5jb3VudHNyABFqYXZhLmxhbmcuSW50ZWdlchLioKT3gYc4AgABSQAFdmFsdWV4cgAQamF2YS5sYW5nLk51bWJlcoaslR0LlOCLAgAAeHAAAAABdAARYmF0Y2gudGFza2xldFR5cGV0AD1vcmcuc3ByaW5nZnJhbWV3b3JrLmJhdGNoLmNvcmUuc3RlcC5pdGVtLkNodW5rT3JpZW50ZWRUYXNrbGV0dAANYmF0Y2gudmVyc2lvbnQABTYuMC40dAAOYmF0Y2guc3RlcFR5cGV0ADdvcmcuc3ByaW5nZnJhbWV3b3JrLmJhdGNoLmNvcmUuc3RlcC50YXNrbGV0LlRhc2tsZXRTdGVwdAApaW5jcmVtZW50YWxTb3VyY2VDaGFuZ2VSZWFkZXIuc3RhcnQuYWZ0ZXJzcgAXamF2YS51dGlsLkxpbmtlZEhhc2hNYXA0wE5cEGzA+wIAAVoAC2FjY2Vzc09yZGVyeHEAfgAAP0AAAAAAAAB3CAAAABAAAAAAeAB4
stage4-c60-r29-20260812T124000Z	219	223	COMPLETED	advanceIncrementalCheckpointStep	COMPLETED	0	0	1	0	rO0ABXNyABFqYXZhLnV0aWwuSGFzaE1hcAUH2sHDFmDRAwACRgAKbG9hZEZhY3RvckkACXRocmVzaG9sZHhwP0AAAAAAAAx3CAAAABAAAAADdAARYmF0Y2gudGFza2xldFR5cGV0ABNqZGsucHJveHkyLiRQcm94eTcwdAANYmF0Y2gudmVyc2lvbnQABTYuMC40dAAOYmF0Y2guc3RlcFR5cGV0ADdvcmcuc3ByaW5nZnJhbWV3b3JrLmJhdGNoLmNvcmUuc3RlcC50YXNrbGV0LlRhc2tsZXRTdGVweA==
stage4-c60-r30-20260812T124000Z	220	224	COMPLETED	processIncrementalChangesStep	COMPLETED	0	0	1	0	rO0ABXNyABFqYXZhLnV0aWwuSGFzaE1hcAUH2sHDFmDRAwACRgAKbG9hZEZhY3RvckkACXRocmVzaG9sZHhwP0AAAAAAAAx3CAAAABAAAAAFdAAoaW5jcmVtZW50YWxTb3VyY2VDaGFuZ2VSZWFkZXIucmVhZC5jb3VudHNyABFqYXZhLmxhbmcuSW50ZWdlchLioKT3gYc4AgABSQAFdmFsdWV4cgAQamF2YS5sYW5nLk51bWJlcoaslR0LlOCLAgAAeHAAAAABdAARYmF0Y2gudGFza2xldFR5cGV0AD1vcmcuc3ByaW5nZnJhbWV3b3JrLmJhdGNoLmNvcmUuc3RlcC5pdGVtLkNodW5rT3JpZW50ZWRUYXNrbGV0dAANYmF0Y2gudmVyc2lvbnQABTYuMC40dAAOYmF0Y2guc3RlcFR5cGV0ADdvcmcuc3ByaW5nZnJhbWV3b3JrLmJhdGNoLmNvcmUuc3RlcC50YXNrbGV0LlRhc2tsZXRTdGVwdAApaW5jcmVtZW50YWxTb3VyY2VDaGFuZ2VSZWFkZXIuc3RhcnQuYWZ0ZXJzcgAXamF2YS51dGlsLkxpbmtlZEhhc2hNYXA0wE5cEGzA+wIAAVoAC2FjY2Vzc09yZGVyeHEAfgAAP0AAAAAAAAB3CAAAABAAAAAAeAB4
stage4-c60-r30-20260812T124000Z	220	224	COMPLETED	advanceIncrementalCheckpointStep	COMPLETED	0	0	1	0	rO0ABXNyABFqYXZhLnV0aWwuSGFzaE1hcAUH2sHDFmDRAwACRgAKbG9hZEZhY3RvckkACXRocmVzaG9sZHhwP0AAAAAAAAx3CAAAABAAAAADdAARYmF0Y2gudGFza2xldFR5cGV0ABNqZGsucHJveHkyLiRQcm94eTcwdAANYmF0Y2gudmVyc2lvbnQABTYuMC40dAAOYmF0Y2guc3RlcFR5cGV0ADdvcmcuc3ByaW5nZnJhbWV3b3JrLmJhdGNoLmNvcmUuc3RlcC50YXNrbGV0LlRhc2tsZXRTdGVweA==
stage4-c60-r31-20260812T124000Z	221	225	COMPLETED	processIncrementalChangesStep	COMPLETED	0	0	1	0	rO0ABXNyABFqYXZhLnV0aWwuSGFzaE1hcAUH2sHDFmDRAwACRgAKbG9hZEZhY3RvckkACXRocmVzaG9sZHhwP0AAAAAAAAx3CAAAABAAAAAFdAAoaW5jcmVtZW50YWxTb3VyY2VDaGFuZ2VSZWFkZXIucmVhZC5jb3VudHNyABFqYXZhLmxhbmcuSW50ZWdlchLioKT3gYc4AgABSQAFdmFsdWV4cgAQamF2YS5sYW5nLk51bWJlcoaslR0LlOCLAgAAeHAAAAABdAARYmF0Y2gudGFza2xldFR5cGV0AD1vcmcuc3ByaW5nZnJhbWV3b3JrLmJhdGNoLmNvcmUuc3RlcC5pdGVtLkNodW5rT3JpZW50ZWRUYXNrbGV0dAANYmF0Y2gudmVyc2lvbnQABTYuMC40dAAOYmF0Y2guc3RlcFR5cGV0ADdvcmcuc3ByaW5nZnJhbWV3b3JrLmJhdGNoLmNvcmUuc3RlcC50YXNrbGV0LlRhc2tsZXRTdGVwdAApaW5jcmVtZW50YWxTb3VyY2VDaGFuZ2VSZWFkZXIuc3RhcnQuYWZ0ZXJzcgAXamF2YS51dGlsLkxpbmtlZEhhc2hNYXA0wE5cEGzA+wIAAVoAC2FjY2Vzc09yZGVyeHEAfgAAP0AAAAAAAAB3CAAAABAAAAAAeAB4
stage4-c60-r31-20260812T124000Z	221	225	COMPLETED	advanceIncrementalCheckpointStep	COMPLETED	0	0	1	0	rO0ABXNyABFqYXZhLnV0aWwuSGFzaE1hcAUH2sHDFmDRAwACRgAKbG9hZEZhY3RvckkACXRocmVzaG9sZHhwP0AAAAAAAAx3CAAAABAAAAADdAARYmF0Y2gudGFza2xldFR5cGV0ABNqZGsucHJveHkyLiRQcm94eTcwdAANYmF0Y2gudmVyc2lvbnQABTYuMC40dAAOYmF0Y2guc3RlcFR5cGV0ADdvcmcuc3ByaW5nZnJhbWV3b3JrLmJhdGNoLmNvcmUuc3RlcC50YXNrbGV0LlRhc2tsZXRTdGVweA==
stage4-c60-r32-20260812T124000Z	222	226	COMPLETED	processIncrementalChangesStep	COMPLETED	0	0	1	0	rO0ABXNyABFqYXZhLnV0aWwuSGFzaE1hcAUH2sHDFmDRAwACRgAKbG9hZEZhY3RvckkACXRocmVzaG9sZHhwP0AAAAAAAAx3CAAAABAAAAAFdAAoaW5jcmVtZW50YWxTb3VyY2VDaGFuZ2VSZWFkZXIucmVhZC5jb3VudHNyABFqYXZhLmxhbmcuSW50ZWdlchLioKT3gYc4AgABSQAFdmFsdWV4cgAQamF2YS5sYW5nLk51bWJlcoaslR0LlOCLAgAAeHAAAAABdAARYmF0Y2gudGFza2xldFR5cGV0AD1vcmcuc3ByaW5nZnJhbWV3b3JrLmJhdGNoLmNvcmUuc3RlcC5pdGVtLkNodW5rT3JpZW50ZWRUYXNrbGV0dAANYmF0Y2gudmVyc2lvbnQABTYuMC40dAAOYmF0Y2guc3RlcFR5cGV0ADdvcmcuc3ByaW5nZnJhbWV3b3JrLmJhdGNoLmNvcmUuc3RlcC50YXNrbGV0LlRhc2tsZXRTdGVwdAApaW5jcmVtZW50YWxTb3VyY2VDaGFuZ2VSZWFkZXIuc3RhcnQuYWZ0ZXJzcgAXamF2YS51dGlsLkxpbmtlZEhhc2hNYXA0wE5cEGzA+wIAAVoAC2FjY2Vzc09yZGVyeHEAfgAAP0AAAAAAAAB3CAAAABAAAAAAeAB4
stage4-c60-r32-20260812T124000Z	222	226	COMPLETED	advanceIncrementalCheckpointStep	COMPLETED	0	0	1	0	rO0ABXNyABFqYXZhLnV0aWwuSGFzaE1hcAUH2sHDFmDRAwACRgAKbG9hZEZhY3RvckkACXRocmVzaG9sZHhwP0AAAAAAAAx3CAAAABAAAAADdAARYmF0Y2gudGFza2xldFR5cGV0ABNqZGsucHJveHkyLiRQcm94eTcwdAANYmF0Y2gudmVyc2lvbnQABTYuMC40dAAOYmF0Y2guc3RlcFR5cGV0ADdvcmcuc3ByaW5nZnJhbWV3b3JrLmJhdGNoLmNvcmUuc3RlcC50YXNrbGV0LlRhc2tsZXRTdGVweA==
stage4-c60-r33-20260812T124000Z	223	227	COMPLETED	processIncrementalChangesStep	COMPLETED	0	0	1	0	rO0ABXNyABFqYXZhLnV0aWwuSGFzaE1hcAUH2sHDFmDRAwACRgAKbG9hZEZhY3RvckkACXRocmVzaG9sZHhwP0AAAAAAAAx3CAAAABAAAAAFdAAoaW5jcmVtZW50YWxTb3VyY2VDaGFuZ2VSZWFkZXIucmVhZC5jb3VudHNyABFqYXZhLmxhbmcuSW50ZWdlchLioKT3gYc4AgABSQAFdmFsdWV4cgAQamF2YS5sYW5nLk51bWJlcoaslR0LlOCLAgAAeHAAAAABdAARYmF0Y2gudGFza2xldFR5cGV0AD1vcmcuc3ByaW5nZnJhbWV3b3JrLmJhdGNoLmNvcmUuc3RlcC5pdGVtLkNodW5rT3JpZW50ZWRUYXNrbGV0dAANYmF0Y2gudmVyc2lvbnQABTYuMC40dAAOYmF0Y2guc3RlcFR5cGV0ADdvcmcuc3ByaW5nZnJhbWV3b3JrLmJhdGNoLmNvcmUuc3RlcC50YXNrbGV0LlRhc2tsZXRTdGVwdAApaW5jcmVtZW50YWxTb3VyY2VDaGFuZ2VSZWFkZXIuc3RhcnQuYWZ0ZXJzcgAXamF2YS51dGlsLkxpbmtlZEhhc2hNYXA0wE5cEGzA+wIAAVoAC2FjY2Vzc09yZGVyeHEAfgAAP0AAAAAAAAB3CAAAABAAAAAAeAB4
stage4-c60-r33-20260812T124000Z	223	227	COMPLETED	advanceIncrementalCheckpointStep	COMPLETED	0	0	1	0	rO0ABXNyABFqYXZhLnV0aWwuSGFzaE1hcAUH2sHDFmDRAwACRgAKbG9hZEZhY3RvckkACXRocmVzaG9sZHhwP0AAAAAAAAx3CAAAABAAAAADdAARYmF0Y2gudGFza2xldFR5cGV0ABNqZGsucHJveHkyLiRQcm94eTcwdAANYmF0Y2gudmVyc2lvbnQABTYuMC40dAAOYmF0Y2guc3RlcFR5cGV0ADdvcmcuc3ByaW5nZnJhbWV3b3JrLmJhdGNoLmNvcmUuc3RlcC50YXNrbGV0LlRhc2tsZXRTdGVweA==
stage4-c60-r34-20260812T124000Z	224	228	COMPLETED	processIncrementalChangesStep	COMPLETED	0	0	1	0	rO0ABXNyABFqYXZhLnV0aWwuSGFzaE1hcAUH2sHDFmDRAwACRgAKbG9hZEZhY3RvckkACXRocmVzaG9sZHhwP0AAAAAAAAx3CAAAABAAAAAFdAAoaW5jcmVtZW50YWxTb3VyY2VDaGFuZ2VSZWFkZXIucmVhZC5jb3VudHNyABFqYXZhLmxhbmcuSW50ZWdlchLioKT3gYc4AgABSQAFdmFsdWV4cgAQamF2YS5sYW5nLk51bWJlcoaslR0LlOCLAgAAeHAAAAABdAARYmF0Y2gudGFza2xldFR5cGV0AD1vcmcuc3ByaW5nZnJhbWV3b3JrLmJhdGNoLmNvcmUuc3RlcC5pdGVtLkNodW5rT3JpZW50ZWRUYXNrbGV0dAANYmF0Y2gudmVyc2lvbnQABTYuMC40dAAOYmF0Y2guc3RlcFR5cGV0ADdvcmcuc3ByaW5nZnJhbWV3b3JrLmJhdGNoLmNvcmUuc3RlcC50YXNrbGV0LlRhc2tsZXRTdGVwdAApaW5jcmVtZW50YWxTb3VyY2VDaGFuZ2VSZWFkZXIuc3RhcnQuYWZ0ZXJzcgAXamF2YS51dGlsLkxpbmtlZEhhc2hNYXA0wE5cEGzA+wIAAVoAC2FjY2Vzc09yZGVyeHEAfgAAP0AAAAAAAAB3CAAAABAAAAAAeAB4
stage4-c60-r34-20260812T124000Z	224	228	COMPLETED	advanceIncrementalCheckpointStep	COMPLETED	0	0	1	0	rO0ABXNyABFqYXZhLnV0aWwuSGFzaE1hcAUH2sHDFmDRAwACRgAKbG9hZEZhY3RvckkACXRocmVzaG9sZHhwP0AAAAAAAAx3CAAAABAAAAADdAARYmF0Y2gudGFza2xldFR5cGV0ABNqZGsucHJveHkyLiRQcm94eTcwdAANYmF0Y2gudmVyc2lvbnQABTYuMC40dAAOYmF0Y2guc3RlcFR5cGV0ADdvcmcuc3ByaW5nZnJhbWV3b3JrLmJhdGNoLmNvcmUuc3RlcC50YXNrbGV0LlRhc2tsZXRTdGVweA==
stage4-c60-r35-20260812T124000Z	225	229	COMPLETED	processIncrementalChangesStep	COMPLETED	0	0	1	0	rO0ABXNyABFqYXZhLnV0aWwuSGFzaE1hcAUH2sHDFmDRAwACRgAKbG9hZEZhY3RvckkACXRocmVzaG9sZHhwP0AAAAAAAAx3CAAAABAAAAAFdAAoaW5jcmVtZW50YWxTb3VyY2VDaGFuZ2VSZWFkZXIucmVhZC5jb3VudHNyABFqYXZhLmxhbmcuSW50ZWdlchLioKT3gYc4AgABSQAFdmFsdWV4cgAQamF2YS5sYW5nLk51bWJlcoaslR0LlOCLAgAAeHAAAAABdAARYmF0Y2gudGFza2xldFR5cGV0AD1vcmcuc3ByaW5nZnJhbWV3b3JrLmJhdGNoLmNvcmUuc3RlcC5pdGVtLkNodW5rT3JpZW50ZWRUYXNrbGV0dAANYmF0Y2gudmVyc2lvbnQABTYuMC40dAAOYmF0Y2guc3RlcFR5cGV0ADdvcmcuc3ByaW5nZnJhbWV3b3JrLmJhdGNoLmNvcmUuc3RlcC50YXNrbGV0LlRhc2tsZXRTdGVwdAApaW5jcmVtZW50YWxTb3VyY2VDaGFuZ2VSZWFkZXIuc3RhcnQuYWZ0ZXJzcgAXamF2YS51dGlsLkxpbmtlZEhhc2hNYXA0wE5cEGzA+wIAAVoAC2FjY2Vzc09yZGVyeHEAfgAAP0AAAAAAAAB3CAAAABAAAAAAeAB4
stage4-c60-r35-20260812T124000Z	225	229	COMPLETED	advanceIncrementalCheckpointStep	COMPLETED	0	0	1	0	rO0ABXNyABFqYXZhLnV0aWwuSGFzaE1hcAUH2sHDFmDRAwACRgAKbG9hZEZhY3RvckkACXRocmVzaG9sZHhwP0AAAAAAAAx3CAAAABAAAAADdAARYmF0Y2gudGFza2xldFR5cGV0ABNqZGsucHJveHkyLiRQcm94eTcwdAANYmF0Y2gudmVyc2lvbnQABTYuMC40dAAOYmF0Y2guc3RlcFR5cGV0ADdvcmcuc3ByaW5nZnJhbWV3b3JrLmJhdGNoLmNvcmUuc3RlcC50YXNrbGV0LlRhc2tsZXRTdGVweA==
stage4-c60-r36-20260812T124000Z	226	230	COMPLETED	processIncrementalChangesStep	COMPLETED	0	0	1	0	rO0ABXNyABFqYXZhLnV0aWwuSGFzaE1hcAUH2sHDFmDRAwACRgAKbG9hZEZhY3RvckkACXRocmVzaG9sZHhwP0AAAAAAAAx3CAAAABAAAAAFdAAoaW5jcmVtZW50YWxTb3VyY2VDaGFuZ2VSZWFkZXIucmVhZC5jb3VudHNyABFqYXZhLmxhbmcuSW50ZWdlchLioKT3gYc4AgABSQAFdmFsdWV4cgAQamF2YS5sYW5nLk51bWJlcoaslR0LlOCLAgAAeHAAAAABdAARYmF0Y2gudGFza2xldFR5cGV0AD1vcmcuc3ByaW5nZnJhbWV3b3JrLmJhdGNoLmNvcmUuc3RlcC5pdGVtLkNodW5rT3JpZW50ZWRUYXNrbGV0dAANYmF0Y2gudmVyc2lvbnQABTYuMC40dAAOYmF0Y2guc3RlcFR5cGV0ADdvcmcuc3ByaW5nZnJhbWV3b3JrLmJhdGNoLmNvcmUuc3RlcC50YXNrbGV0LlRhc2tsZXRTdGVwdAApaW5jcmVtZW50YWxTb3VyY2VDaGFuZ2VSZWFkZXIuc3RhcnQuYWZ0ZXJzcgAXamF2YS51dGlsLkxpbmtlZEhhc2hNYXA0wE5cEGzA+wIAAVoAC2FjY2Vzc09yZGVyeHEAfgAAP0AAAAAAAAB3CAAAABAAAAAAeAB4
stage4-c60-r36-20260812T124000Z	226	230	COMPLETED	advanceIncrementalCheckpointStep	COMPLETED	0	0	1	0	rO0ABXNyABFqYXZhLnV0aWwuSGFzaE1hcAUH2sHDFmDRAwACRgAKbG9hZEZhY3RvckkACXRocmVzaG9sZHhwP0AAAAAAAAx3CAAAABAAAAADdAARYmF0Y2gudGFza2xldFR5cGV0ABNqZGsucHJveHkyLiRQcm94eTcwdAANYmF0Y2gudmVyc2lvbnQABTYuMC40dAAOYmF0Y2guc3RlcFR5cGV0ADdvcmcuc3ByaW5nZnJhbWV3b3JrLmJhdGNoLmNvcmUuc3RlcC50YXNrbGV0LlRhc2tsZXRTdGVweA==
stage4-c60-r37-20260812T124000Z	227	231	COMPLETED	processIncrementalChangesStep	COMPLETED	1	1	1	0	rO0ABXNyABFqYXZhLnV0aWwuSGFzaE1hcAUH2sHDFmDRAwACRgAKbG9hZEZhY3RvckkACXRocmVzaG9sZHhwP0AAAAAAAAx3CAAAABAAAAAFdAAoaW5jcmVtZW50YWxTb3VyY2VDaGFuZ2VSZWFkZXIucmVhZC5jb3VudHNyABFqYXZhLmxhbmcuSW50ZWdlchLioKT3gYc4AgABSQAFdmFsdWV4cgAQamF2YS5sYW5nLk51bWJlcoaslR0LlOCLAgAAeHAAAAACdAARYmF0Y2gudGFza2xldFR5cGV0AD1vcmcuc3ByaW5nZnJhbWV3b3JrLmJhdGNoLmNvcmUuc3RlcC5pdGVtLkNodW5rT3JpZW50ZWRUYXNrbGV0dAANYmF0Y2gudmVyc2lvbnQABTYuMC40dAAOYmF0Y2guc3RlcFR5cGV0ADdvcmcuc3ByaW5nZnJhbWV3b3JrLmJhdGNoLmNvcmUuc3RlcC50YXNrbGV0LlRhc2tsZXRTdGVwdAApaW5jcmVtZW50YWxTb3VyY2VDaGFuZ2VSZWFkZXIuc3RhcnQuYWZ0ZXJzcgAXamF2YS51dGlsLkxpbmtlZEhhc2hNYXA0wE5cEGzA+wIAAVoAC2FjY2Vzc09yZGVyeHEAfgAAP0AAAAAAAAB3CAAAABAAAAAAeAB4
stage4-c60-r37-20260812T124000Z	227	231	COMPLETED	advanceIncrementalCheckpointStep	COMPLETED	0	0	1	0	rO0ABXNyABFqYXZhLnV0aWwuSGFzaE1hcAUH2sHDFmDRAwACRgAKbG9hZEZhY3RvckkACXRocmVzaG9sZHhwP0AAAAAAAAx3CAAAABAAAAADdAARYmF0Y2gudGFza2xldFR5cGV0ABNqZGsucHJveHkyLiRQcm94eTcwdAANYmF0Y2gudmVyc2lvbnQABTYuMC40dAAOYmF0Y2guc3RlcFR5cGV0ADdvcmcuc3ByaW5nZnJhbWV3b3JrLmJhdGNoLmNvcmUuc3RlcC50YXNrbGV0LlRhc2tsZXRTdGVweA==
stage4-c60-r38-20260812T124000Z	228	232	COMPLETED	processIncrementalChangesStep	COMPLETED	1	1	1	0	rO0ABXNyABFqYXZhLnV0aWwuSGFzaE1hcAUH2sHDFmDRAwACRgAKbG9hZEZhY3RvckkACXRocmVzaG9sZHhwP0AAAAAAAAx3CAAAABAAAAAFdAAoaW5jcmVtZW50YWxTb3VyY2VDaGFuZ2VSZWFkZXIucmVhZC5jb3VudHNyABFqYXZhLmxhbmcuSW50ZWdlchLioKT3gYc4AgABSQAFdmFsdWV4cgAQamF2YS5sYW5nLk51bWJlcoaslR0LlOCLAgAAeHAAAAACdAARYmF0Y2gudGFza2xldFR5cGV0AD1vcmcuc3ByaW5nZnJhbWV3b3JrLmJhdGNoLmNvcmUuc3RlcC5pdGVtLkNodW5rT3JpZW50ZWRUYXNrbGV0dAANYmF0Y2gudmVyc2lvbnQABTYuMC40dAAOYmF0Y2guc3RlcFR5cGV0ADdvcmcuc3ByaW5nZnJhbWV3b3JrLmJhdGNoLmNvcmUuc3RlcC50YXNrbGV0LlRhc2tsZXRTdGVwdAApaW5jcmVtZW50YWxTb3VyY2VDaGFuZ2VSZWFkZXIuc3RhcnQuYWZ0ZXJzcgAXamF2YS51dGlsLkxpbmtlZEhhc2hNYXA0wE5cEGzA+wIAAVoAC2FjY2Vzc09yZGVyeHEAfgAAP0AAAAAAAAB3CAAAABAAAAAAeAB4
stage4-c60-r38-20260812T124000Z	228	232	COMPLETED	advanceIncrementalCheckpointStep	COMPLETED	0	0	1	0	rO0ABXNyABFqYXZhLnV0aWwuSGFzaE1hcAUH2sHDFmDRAwACRgAKbG9hZEZhY3RvckkACXRocmVzaG9sZHhwP0AAAAAAAAx3CAAAABAAAAADdAARYmF0Y2gudGFza2xldFR5cGV0ABNqZGsucHJveHkyLiRQcm94eTcwdAANYmF0Y2gudmVyc2lvbnQABTYuMC40dAAOYmF0Y2guc3RlcFR5cGV0ADdvcmcuc3ByaW5nZnJhbWV3b3JrLmJhdGNoLmNvcmUuc3RlcC50YXNrbGV0LlRhc2tsZXRTdGVweA==
stage4-c60-r39-20260812T124000Z	229	233	COMPLETED	processIncrementalChangesStep	COMPLETED	1	1	1	0	rO0ABXNyABFqYXZhLnV0aWwuSGFzaE1hcAUH2sHDFmDRAwACRgAKbG9hZEZhY3RvckkACXRocmVzaG9sZHhwP0AAAAAAAAx3CAAAABAAAAAFdAAoaW5jcmVtZW50YWxTb3VyY2VDaGFuZ2VSZWFkZXIucmVhZC5jb3VudHNyABFqYXZhLmxhbmcuSW50ZWdlchLioKT3gYc4AgABSQAFdmFsdWV4cgAQamF2YS5sYW5nLk51bWJlcoaslR0LlOCLAgAAeHAAAAACdAARYmF0Y2gudGFza2xldFR5cGV0AD1vcmcuc3ByaW5nZnJhbWV3b3JrLmJhdGNoLmNvcmUuc3RlcC5pdGVtLkNodW5rT3JpZW50ZWRUYXNrbGV0dAANYmF0Y2gudmVyc2lvbnQABTYuMC40dAAOYmF0Y2guc3RlcFR5cGV0ADdvcmcuc3ByaW5nZnJhbWV3b3JrLmJhdGNoLmNvcmUuc3RlcC50YXNrbGV0LlRhc2tsZXRTdGVwdAApaW5jcmVtZW50YWxTb3VyY2VDaGFuZ2VSZWFkZXIuc3RhcnQuYWZ0ZXJzcgAXamF2YS51dGlsLkxpbmtlZEhhc2hNYXA0wE5cEGzA+wIAAVoAC2FjY2Vzc09yZGVyeHEAfgAAP0AAAAAAAAB3CAAAABAAAAAAeAB4
stage4-c60-r39-20260812T124000Z	229	233	COMPLETED	advanceIncrementalCheckpointStep	COMPLETED	0	0	1	0	rO0ABXNyABFqYXZhLnV0aWwuSGFzaE1hcAUH2sHDFmDRAwACRgAKbG9hZEZhY3RvckkACXRocmVzaG9sZHhwP0AAAAAAAAx3CAAAABAAAAADdAARYmF0Y2gudGFza2xldFR5cGV0ABNqZGsucHJveHkyLiRQcm94eTcwdAANYmF0Y2gudmVyc2lvbnQABTYuMC40dAAOYmF0Y2guc3RlcFR5cGV0ADdvcmcuc3ByaW5nZnJhbWV3b3JrLmJhdGNoLmNvcmUuc3RlcC50YXNrbGV0LlRhc2tsZXRTdGVweA==
stage4-c60-r40-20260812T124000Z	230	234	COMPLETED	processIncrementalChangesStep	COMPLETED	1	1	1	0	rO0ABXNyABFqYXZhLnV0aWwuSGFzaE1hcAUH2sHDFmDRAwACRgAKbG9hZEZhY3RvckkACXRocmVzaG9sZHhwP0AAAAAAAAx3CAAAABAAAAAFdAAoaW5jcmVtZW50YWxTb3VyY2VDaGFuZ2VSZWFkZXIucmVhZC5jb3VudHNyABFqYXZhLmxhbmcuSW50ZWdlchLioKT3gYc4AgABSQAFdmFsdWV4cgAQamF2YS5sYW5nLk51bWJlcoaslR0LlOCLAgAAeHAAAAACdAARYmF0Y2gudGFza2xldFR5cGV0AD1vcmcuc3ByaW5nZnJhbWV3b3JrLmJhdGNoLmNvcmUuc3RlcC5pdGVtLkNodW5rT3JpZW50ZWRUYXNrbGV0dAANYmF0Y2gudmVyc2lvbnQABTYuMC40dAAOYmF0Y2guc3RlcFR5cGV0ADdvcmcuc3ByaW5nZnJhbWV3b3JrLmJhdGNoLmNvcmUuc3RlcC50YXNrbGV0LlRhc2tsZXRTdGVwdAApaW5jcmVtZW50YWxTb3VyY2VDaGFuZ2VSZWFkZXIuc3RhcnQuYWZ0ZXJzcgAXamF2YS51dGlsLkxpbmtlZEhhc2hNYXA0wE5cEGzA+wIAAVoAC2FjY2Vzc09yZGVyeHEAfgAAP0AAAAAAAAB3CAAAABAAAAAAeAB4
stage4-c60-r40-20260812T124000Z	230	234	COMPLETED	advanceIncrementalCheckpointStep	COMPLETED	0	0	1	0	rO0ABXNyABFqYXZhLnV0aWwuSGFzaE1hcAUH2sHDFmDRAwACRgAKbG9hZEZhY3RvckkACXRocmVzaG9sZHhwP0AAAAAAAAx3CAAAABAAAAADdAARYmF0Y2gudGFza2xldFR5cGV0ABNqZGsucHJveHkyLiRQcm94eTcwdAANYmF0Y2gudmVyc2lvbnQABTYuMC40dAAOYmF0Y2guc3RlcFR5cGV0ADdvcmcuc3ByaW5nZnJhbWV3b3JrLmJhdGNoLmNvcmUuc3RlcC50YXNrbGV0LlRhc2tsZXRTdGVweA==
stage4-c60-r41-20260812T124000Z	231	235	COMPLETED	processIncrementalChangesStep	COMPLETED	1	1	1	0	rO0ABXNyABFqYXZhLnV0aWwuSGFzaE1hcAUH2sHDFmDRAwACRgAKbG9hZEZhY3RvckkACXRocmVzaG9sZHhwP0AAAAAAAAx3CAAAABAAAAAFdAAoaW5jcmVtZW50YWxTb3VyY2VDaGFuZ2VSZWFkZXIucmVhZC5jb3VudHNyABFqYXZhLmxhbmcuSW50ZWdlchLioKT3gYc4AgABSQAFdmFsdWV4cgAQamF2YS5sYW5nLk51bWJlcoaslR0LlOCLAgAAeHAAAAACdAARYmF0Y2gudGFza2xldFR5cGV0AD1vcmcuc3ByaW5nZnJhbWV3b3JrLmJhdGNoLmNvcmUuc3RlcC5pdGVtLkNodW5rT3JpZW50ZWRUYXNrbGV0dAANYmF0Y2gudmVyc2lvbnQABTYuMC40dAAOYmF0Y2guc3RlcFR5cGV0ADdvcmcuc3ByaW5nZnJhbWV3b3JrLmJhdGNoLmNvcmUuc3RlcC50YXNrbGV0LlRhc2tsZXRTdGVwdAApaW5jcmVtZW50YWxTb3VyY2VDaGFuZ2VSZWFkZXIuc3RhcnQuYWZ0ZXJzcgAXamF2YS51dGlsLkxpbmtlZEhhc2hNYXA0wE5cEGzA+wIAAVoAC2FjY2Vzc09yZGVyeHEAfgAAP0AAAAAAAAB3CAAAABAAAAAAeAB4
stage4-c60-r41-20260812T124000Z	231	235	COMPLETED	advanceIncrementalCheckpointStep	COMPLETED	0	0	1	0	rO0ABXNyABFqYXZhLnV0aWwuSGFzaE1hcAUH2sHDFmDRAwACRgAKbG9hZEZhY3RvckkACXRocmVzaG9sZHhwP0AAAAAAAAx3CAAAABAAAAADdAARYmF0Y2gudGFza2xldFR5cGV0ABNqZGsucHJveHkyLiRQcm94eTcwdAANYmF0Y2gudmVyc2lvbnQABTYuMC40dAAOYmF0Y2guc3RlcFR5cGV0ADdvcmcuc3ByaW5nZnJhbWV3b3JrLmJhdGNoLmNvcmUuc3RlcC50YXNrbGV0LlRhc2tsZXRTdGVweA==
stage4-c60-r42-20260812T124000Z	232	236	COMPLETED	processIncrementalChangesStep	COMPLETED	1	1	1	0	rO0ABXNyABFqYXZhLnV0aWwuSGFzaE1hcAUH2sHDFmDRAwACRgAKbG9hZEZhY3RvckkACXRocmVzaG9sZHhwP0AAAAAAAAx3CAAAABAAAAAFdAAoaW5jcmVtZW50YWxTb3VyY2VDaGFuZ2VSZWFkZXIucmVhZC5jb3VudHNyABFqYXZhLmxhbmcuSW50ZWdlchLioKT3gYc4AgABSQAFdmFsdWV4cgAQamF2YS5sYW5nLk51bWJlcoaslR0LlOCLAgAAeHAAAAACdAARYmF0Y2gudGFza2xldFR5cGV0AD1vcmcuc3ByaW5nZnJhbWV3b3JrLmJhdGNoLmNvcmUuc3RlcC5pdGVtLkNodW5rT3JpZW50ZWRUYXNrbGV0dAANYmF0Y2gudmVyc2lvbnQABTYuMC40dAAOYmF0Y2guc3RlcFR5cGV0ADdvcmcuc3ByaW5nZnJhbWV3b3JrLmJhdGNoLmNvcmUuc3RlcC50YXNrbGV0LlRhc2tsZXRTdGVwdAApaW5jcmVtZW50YWxTb3VyY2VDaGFuZ2VSZWFkZXIuc3RhcnQuYWZ0ZXJzcgAXamF2YS51dGlsLkxpbmtlZEhhc2hNYXA0wE5cEGzA+wIAAVoAC2FjY2Vzc09yZGVyeHEAfgAAP0AAAAAAAAB3CAAAABAAAAAAeAB4
stage4-c60-r42-20260812T124000Z	232	236	COMPLETED	advanceIncrementalCheckpointStep	COMPLETED	0	0	1	0	rO0ABXNyABFqYXZhLnV0aWwuSGFzaE1hcAUH2sHDFmDRAwACRgAKbG9hZEZhY3RvckkACXRocmVzaG9sZHhwP0AAAAAAAAx3CAAAABAAAAADdAARYmF0Y2gudGFza2xldFR5cGV0ABNqZGsucHJveHkyLiRQcm94eTcwdAANYmF0Y2gudmVyc2lvbnQABTYuMC40dAAOYmF0Y2guc3RlcFR5cGV0ADdvcmcuc3ByaW5nZnJhbWV3b3JrLmJhdGNoLmNvcmUuc3RlcC50YXNrbGV0LlRhc2tsZXRTdGVweA==
stage4-c60-r43-20260812T124000Z	233	237	COMPLETED	processIncrementalChangesStep	COMPLETED	0	0	1	0	rO0ABXNyABFqYXZhLnV0aWwuSGFzaE1hcAUH2sHDFmDRAwACRgAKbG9hZEZhY3RvckkACXRocmVzaG9sZHhwP0AAAAAAAAx3CAAAABAAAAAFdAAoaW5jcmVtZW50YWxTb3VyY2VDaGFuZ2VSZWFkZXIucmVhZC5jb3VudHNyABFqYXZhLmxhbmcuSW50ZWdlchLioKT3gYc4AgABSQAFdmFsdWV4cgAQamF2YS5sYW5nLk51bWJlcoaslR0LlOCLAgAAeHAAAAABdAARYmF0Y2gudGFza2xldFR5cGV0AD1vcmcuc3ByaW5nZnJhbWV3b3JrLmJhdGNoLmNvcmUuc3RlcC5pdGVtLkNodW5rT3JpZW50ZWRUYXNrbGV0dAANYmF0Y2gudmVyc2lvbnQABTYuMC40dAAOYmF0Y2guc3RlcFR5cGV0ADdvcmcuc3ByaW5nZnJhbWV3b3JrLmJhdGNoLmNvcmUuc3RlcC50YXNrbGV0LlRhc2tsZXRTdGVwdAApaW5jcmVtZW50YWxTb3VyY2VDaGFuZ2VSZWFkZXIuc3RhcnQuYWZ0ZXJzcgAXamF2YS51dGlsLkxpbmtlZEhhc2hNYXA0wE5cEGzA+wIAAVoAC2FjY2Vzc09yZGVyeHEAfgAAP0AAAAAAAAB3CAAAABAAAAAAeAB4
stage4-c60-r43-20260812T124000Z	233	237	COMPLETED	advanceIncrementalCheckpointStep	COMPLETED	0	0	1	0	rO0ABXNyABFqYXZhLnV0aWwuSGFzaE1hcAUH2sHDFmDRAwACRgAKbG9hZEZhY3RvckkACXRocmVzaG9sZHhwP0AAAAAAAAx3CAAAABAAAAADdAARYmF0Y2gudGFza2xldFR5cGV0ABNqZGsucHJveHkyLiRQcm94eTcwdAANYmF0Y2gudmVyc2lvbnQABTYuMC40dAAOYmF0Y2guc3RlcFR5cGV0ADdvcmcuc3ByaW5nZnJhbWV3b3JrLmJhdGNoLmNvcmUuc3RlcC50YXNrbGV0LlRhc2tsZXRTdGVweA==
stage4-c60-r44-20260812T124000Z	234	238	COMPLETED	processIncrementalChangesStep	COMPLETED	0	0	1	0	rO0ABXNyABFqYXZhLnV0aWwuSGFzaE1hcAUH2sHDFmDRAwACRgAKbG9hZEZhY3RvckkACXRocmVzaG9sZHhwP0AAAAAAAAx3CAAAABAAAAAFdAAoaW5jcmVtZW50YWxTb3VyY2VDaGFuZ2VSZWFkZXIucmVhZC5jb3VudHNyABFqYXZhLmxhbmcuSW50ZWdlchLioKT3gYc4AgABSQAFdmFsdWV4cgAQamF2YS5sYW5nLk51bWJlcoaslR0LlOCLAgAAeHAAAAABdAARYmF0Y2gudGFza2xldFR5cGV0AD1vcmcuc3ByaW5nZnJhbWV3b3JrLmJhdGNoLmNvcmUuc3RlcC5pdGVtLkNodW5rT3JpZW50ZWRUYXNrbGV0dAANYmF0Y2gudmVyc2lvbnQABTYuMC40dAAOYmF0Y2guc3RlcFR5cGV0ADdvcmcuc3ByaW5nZnJhbWV3b3JrLmJhdGNoLmNvcmUuc3RlcC50YXNrbGV0LlRhc2tsZXRTdGVwdAApaW5jcmVtZW50YWxTb3VyY2VDaGFuZ2VSZWFkZXIuc3RhcnQuYWZ0ZXJzcgAXamF2YS51dGlsLkxpbmtlZEhhc2hNYXA0wE5cEGzA+wIAAVoAC2FjY2Vzc09yZGVyeHEAfgAAP0AAAAAAAAB3CAAAABAAAAAAeAB4
stage4-c60-r44-20260812T124000Z	234	238	COMPLETED	advanceIncrementalCheckpointStep	COMPLETED	0	0	1	0	rO0ABXNyABFqYXZhLnV0aWwuSGFzaE1hcAUH2sHDFmDRAwACRgAKbG9hZEZhY3RvckkACXRocmVzaG9sZHhwP0AAAAAAAAx3CAAAABAAAAADdAARYmF0Y2gudGFza2xldFR5cGV0ABNqZGsucHJveHkyLiRQcm94eTcwdAANYmF0Y2gudmVyc2lvbnQABTYuMC40dAAOYmF0Y2guc3RlcFR5cGV0ADdvcmcuc3ByaW5nZnJhbWV3b3JrLmJhdGNoLmNvcmUuc3RlcC50YXNrbGV0LlRhc2tsZXRTdGVweA==
stage4-c60-r45-20260812T124000Z	235	239	COMPLETED	processIncrementalChangesStep	COMPLETED	0	0	1	0	rO0ABXNyABFqYXZhLnV0aWwuSGFzaE1hcAUH2sHDFmDRAwACRgAKbG9hZEZhY3RvckkACXRocmVzaG9sZHhwP0AAAAAAAAx3CAAAABAAAAAFdAAoaW5jcmVtZW50YWxTb3VyY2VDaGFuZ2VSZWFkZXIucmVhZC5jb3VudHNyABFqYXZhLmxhbmcuSW50ZWdlchLioKT3gYc4AgABSQAFdmFsdWV4cgAQamF2YS5sYW5nLk51bWJlcoaslR0LlOCLAgAAeHAAAAABdAARYmF0Y2gudGFza2xldFR5cGV0AD1vcmcuc3ByaW5nZnJhbWV3b3JrLmJhdGNoLmNvcmUuc3RlcC5pdGVtLkNodW5rT3JpZW50ZWRUYXNrbGV0dAANYmF0Y2gudmVyc2lvbnQABTYuMC40dAAOYmF0Y2guc3RlcFR5cGV0ADdvcmcuc3ByaW5nZnJhbWV3b3JrLmJhdGNoLmNvcmUuc3RlcC50YXNrbGV0LlRhc2tsZXRTdGVwdAApaW5jcmVtZW50YWxTb3VyY2VDaGFuZ2VSZWFkZXIuc3RhcnQuYWZ0ZXJzcgAXamF2YS51dGlsLkxpbmtlZEhhc2hNYXA0wE5cEGzA+wIAAVoAC2FjY2Vzc09yZGVyeHEAfgAAP0AAAAAAAAB3CAAAABAAAAAAeAB4
stage4-c60-r45-20260812T124000Z	235	239	COMPLETED	advanceIncrementalCheckpointStep	COMPLETED	0	0	1	0	rO0ABXNyABFqYXZhLnV0aWwuSGFzaE1hcAUH2sHDFmDRAwACRgAKbG9hZEZhY3RvckkACXRocmVzaG9sZHhwP0AAAAAAAAx3CAAAABAAAAADdAARYmF0Y2gudGFza2xldFR5cGV0ABNqZGsucHJveHkyLiRQcm94eTcwdAANYmF0Y2gudmVyc2lvbnQABTYuMC40dAAOYmF0Y2guc3RlcFR5cGV0ADdvcmcuc3ByaW5nZnJhbWV3b3JrLmJhdGNoLmNvcmUuc3RlcC50YXNrbGV0LlRhc2tsZXRTdGVweA==
stage4-c60-r46-20260812T124000Z	236	240	COMPLETED	processIncrementalChangesStep	COMPLETED	0	0	1	0	rO0ABXNyABFqYXZhLnV0aWwuSGFzaE1hcAUH2sHDFmDRAwACRgAKbG9hZEZhY3RvckkACXRocmVzaG9sZHhwP0AAAAAAAAx3CAAAABAAAAAFdAAoaW5jcmVtZW50YWxTb3VyY2VDaGFuZ2VSZWFkZXIucmVhZC5jb3VudHNyABFqYXZhLmxhbmcuSW50ZWdlchLioKT3gYc4AgABSQAFdmFsdWV4cgAQamF2YS5sYW5nLk51bWJlcoaslR0LlOCLAgAAeHAAAAABdAARYmF0Y2gudGFza2xldFR5cGV0AD1vcmcuc3ByaW5nZnJhbWV3b3JrLmJhdGNoLmNvcmUuc3RlcC5pdGVtLkNodW5rT3JpZW50ZWRUYXNrbGV0dAANYmF0Y2gudmVyc2lvbnQABTYuMC40dAAOYmF0Y2guc3RlcFR5cGV0ADdvcmcuc3ByaW5nZnJhbWV3b3JrLmJhdGNoLmNvcmUuc3RlcC50YXNrbGV0LlRhc2tsZXRTdGVwdAApaW5jcmVtZW50YWxTb3VyY2VDaGFuZ2VSZWFkZXIuc3RhcnQuYWZ0ZXJzcgAXamF2YS51dGlsLkxpbmtlZEhhc2hNYXA0wE5cEGzA+wIAAVoAC2FjY2Vzc09yZGVyeHEAfgAAP0AAAAAAAAB3CAAAABAAAAAAeAB4
stage4-c60-r46-20260812T124000Z	236	240	COMPLETED	advanceIncrementalCheckpointStep	COMPLETED	0	0	1	0	rO0ABXNyABFqYXZhLnV0aWwuSGFzaE1hcAUH2sHDFmDRAwACRgAKbG9hZEZhY3RvckkACXRocmVzaG9sZHhwP0AAAAAAAAx3CAAAABAAAAADdAARYmF0Y2gudGFza2xldFR5cGV0ABNqZGsucHJveHkyLiRQcm94eTcwdAANYmF0Y2gudmVyc2lvbnQABTYuMC40dAAOYmF0Y2guc3RlcFR5cGV0ADdvcmcuc3ByaW5nZnJhbWV3b3JrLmJhdGNoLmNvcmUuc3RlcC50YXNrbGV0LlRhc2tsZXRTdGVweA==
stage4-c60-r47-20260812T124000Z	237	241	COMPLETED	processIncrementalChangesStep	COMPLETED	0	0	1	0	rO0ABXNyABFqYXZhLnV0aWwuSGFzaE1hcAUH2sHDFmDRAwACRgAKbG9hZEZhY3RvckkACXRocmVzaG9sZHhwP0AAAAAAAAx3CAAAABAAAAAFdAAoaW5jcmVtZW50YWxTb3VyY2VDaGFuZ2VSZWFkZXIucmVhZC5jb3VudHNyABFqYXZhLmxhbmcuSW50ZWdlchLioKT3gYc4AgABSQAFdmFsdWV4cgAQamF2YS5sYW5nLk51bWJlcoaslR0LlOCLAgAAeHAAAAABdAARYmF0Y2gudGFza2xldFR5cGV0AD1vcmcuc3ByaW5nZnJhbWV3b3JrLmJhdGNoLmNvcmUuc3RlcC5pdGVtLkNodW5rT3JpZW50ZWRUYXNrbGV0dAANYmF0Y2gudmVyc2lvbnQABTYuMC40dAAOYmF0Y2guc3RlcFR5cGV0ADdvcmcuc3ByaW5nZnJhbWV3b3JrLmJhdGNoLmNvcmUuc3RlcC50YXNrbGV0LlRhc2tsZXRTdGVwdAApaW5jcmVtZW50YWxTb3VyY2VDaGFuZ2VSZWFkZXIuc3RhcnQuYWZ0ZXJzcgAXamF2YS51dGlsLkxpbmtlZEhhc2hNYXA0wE5cEGzA+wIAAVoAC2FjY2Vzc09yZGVyeHEAfgAAP0AAAAAAAAB3CAAAABAAAAAAeAB4
stage4-c60-r47-20260812T124000Z	237	241	COMPLETED	advanceIncrementalCheckpointStep	COMPLETED	0	0	1	0	rO0ABXNyABFqYXZhLnV0aWwuSGFzaE1hcAUH2sHDFmDRAwACRgAKbG9hZEZhY3RvckkACXRocmVzaG9sZHhwP0AAAAAAAAx3CAAAABAAAAADdAARYmF0Y2gudGFza2xldFR5cGV0ABNqZGsucHJveHkyLiRQcm94eTcwdAANYmF0Y2gudmVyc2lvbnQABTYuMC40dAAOYmF0Y2guc3RlcFR5cGV0ADdvcmcuc3ByaW5nZnJhbWV3b3JrLmJhdGNoLmNvcmUuc3RlcC50YXNrbGV0LlRhc2tsZXRTdGVweA==
stage4-c60-r48-20260812T124000Z	238	242	COMPLETED	processIncrementalChangesStep	COMPLETED	0	0	1	0	rO0ABXNyABFqYXZhLnV0aWwuSGFzaE1hcAUH2sHDFmDRAwACRgAKbG9hZEZhY3RvckkACXRocmVzaG9sZHhwP0AAAAAAAAx3CAAAABAAAAAFdAAoaW5jcmVtZW50YWxTb3VyY2VDaGFuZ2VSZWFkZXIucmVhZC5jb3VudHNyABFqYXZhLmxhbmcuSW50ZWdlchLioKT3gYc4AgABSQAFdmFsdWV4cgAQamF2YS5sYW5nLk51bWJlcoaslR0LlOCLAgAAeHAAAAABdAARYmF0Y2gudGFza2xldFR5cGV0AD1vcmcuc3ByaW5nZnJhbWV3b3JrLmJhdGNoLmNvcmUuc3RlcC5pdGVtLkNodW5rT3JpZW50ZWRUYXNrbGV0dAANYmF0Y2gudmVyc2lvbnQABTYuMC40dAAOYmF0Y2guc3RlcFR5cGV0ADdvcmcuc3ByaW5nZnJhbWV3b3JrLmJhdGNoLmNvcmUuc3RlcC50YXNrbGV0LlRhc2tsZXRTdGVwdAApaW5jcmVtZW50YWxTb3VyY2VDaGFuZ2VSZWFkZXIuc3RhcnQuYWZ0ZXJzcgAXamF2YS51dGlsLkxpbmtlZEhhc2hNYXA0wE5cEGzA+wIAAVoAC2FjY2Vzc09yZGVyeHEAfgAAP0AAAAAAAAB3CAAAABAAAAAAeAB4
stage4-c60-r48-20260812T124000Z	238	242	COMPLETED	advanceIncrementalCheckpointStep	COMPLETED	0	0	1	0	rO0ABXNyABFqYXZhLnV0aWwuSGFzaE1hcAUH2sHDFmDRAwACRgAKbG9hZEZhY3RvckkACXRocmVzaG9sZHhwP0AAAAAAAAx3CAAAABAAAAADdAARYmF0Y2gudGFza2xldFR5cGV0ABNqZGsucHJveHkyLiRQcm94eTcwdAANYmF0Y2gudmVyc2lvbnQABTYuMC40dAAOYmF0Y2guc3RlcFR5cGV0ADdvcmcuc3ByaW5nZnJhbWV3b3JrLmJhdGNoLmNvcmUuc3RlcC50YXNrbGV0LlRhc2tsZXRTdGVweA==
stage4-c60-r49-20260812T124000Z	239	243	COMPLETED	processIncrementalChangesStep	COMPLETED	0	0	1	0	rO0ABXNyABFqYXZhLnV0aWwuSGFzaE1hcAUH2sHDFmDRAwACRgAKbG9hZEZhY3RvckkACXRocmVzaG9sZHhwP0AAAAAAAAx3CAAAABAAAAAFdAAoaW5jcmVtZW50YWxTb3VyY2VDaGFuZ2VSZWFkZXIucmVhZC5jb3VudHNyABFqYXZhLmxhbmcuSW50ZWdlchLioKT3gYc4AgABSQAFdmFsdWV4cgAQamF2YS5sYW5nLk51bWJlcoaslR0LlOCLAgAAeHAAAAABdAARYmF0Y2gudGFza2xldFR5cGV0AD1vcmcuc3ByaW5nZnJhbWV3b3JrLmJhdGNoLmNvcmUuc3RlcC5pdGVtLkNodW5rT3JpZW50ZWRUYXNrbGV0dAANYmF0Y2gudmVyc2lvbnQABTYuMC40dAAOYmF0Y2guc3RlcFR5cGV0ADdvcmcuc3ByaW5nZnJhbWV3b3JrLmJhdGNoLmNvcmUuc3RlcC50YXNrbGV0LlRhc2tsZXRTdGVwdAApaW5jcmVtZW50YWxTb3VyY2VDaGFuZ2VSZWFkZXIuc3RhcnQuYWZ0ZXJzcgAXamF2YS51dGlsLkxpbmtlZEhhc2hNYXA0wE5cEGzA+wIAAVoAC2FjY2Vzc09yZGVyeHEAfgAAP0AAAAAAAAB3CAAAABAAAAAAeAB4
stage4-c60-r49-20260812T124000Z	239	243	COMPLETED	advanceIncrementalCheckpointStep	COMPLETED	0	0	1	0	rO0ABXNyABFqYXZhLnV0aWwuSGFzaE1hcAUH2sHDFmDRAwACRgAKbG9hZEZhY3RvckkACXRocmVzaG9sZHhwP0AAAAAAAAx3CAAAABAAAAADdAARYmF0Y2gudGFza2xldFR5cGV0ABNqZGsucHJveHkyLiRQcm94eTcwdAANYmF0Y2gudmVyc2lvbnQABTYuMC40dAAOYmF0Y2guc3RlcFR5cGV0ADdvcmcuc3ByaW5nZnJhbWV3b3JrLmJhdGNoLmNvcmUuc3RlcC50YXNrbGV0LlRhc2tsZXRTdGVweA==
stage4-c60-r50-20260812T124000Z	240	244	COMPLETED	processIncrementalChangesStep	COMPLETED	1	1	1	0	rO0ABXNyABFqYXZhLnV0aWwuSGFzaE1hcAUH2sHDFmDRAwACRgAKbG9hZEZhY3RvckkACXRocmVzaG9sZHhwP0AAAAAAAAx3CAAAABAAAAAFdAAoaW5jcmVtZW50YWxTb3VyY2VDaGFuZ2VSZWFkZXIucmVhZC5jb3VudHNyABFqYXZhLmxhbmcuSW50ZWdlchLioKT3gYc4AgABSQAFdmFsdWV4cgAQamF2YS5sYW5nLk51bWJlcoaslR0LlOCLAgAAeHAAAAACdAARYmF0Y2gudGFza2xldFR5cGV0AD1vcmcuc3ByaW5nZnJhbWV3b3JrLmJhdGNoLmNvcmUuc3RlcC5pdGVtLkNodW5rT3JpZW50ZWRUYXNrbGV0dAANYmF0Y2gudmVyc2lvbnQABTYuMC40dAAOYmF0Y2guc3RlcFR5cGV0ADdvcmcuc3ByaW5nZnJhbWV3b3JrLmJhdGNoLmNvcmUuc3RlcC50YXNrbGV0LlRhc2tsZXRTdGVwdAApaW5jcmVtZW50YWxTb3VyY2VDaGFuZ2VSZWFkZXIuc3RhcnQuYWZ0ZXJzcgAXamF2YS51dGlsLkxpbmtlZEhhc2hNYXA0wE5cEGzA+wIAAVoAC2FjY2Vzc09yZGVyeHEAfgAAP0AAAAAAAAB3CAAAABAAAAAAeAB4
stage4-c60-r50-20260812T124000Z	240	244	COMPLETED	advanceIncrementalCheckpointStep	COMPLETED	0	0	1	0	rO0ABXNyABFqYXZhLnV0aWwuSGFzaE1hcAUH2sHDFmDRAwACRgAKbG9hZEZhY3RvckkACXRocmVzaG9sZHhwP0AAAAAAAAx3CAAAABAAAAADdAARYmF0Y2gudGFza2xldFR5cGV0ABNqZGsucHJveHkyLiRQcm94eTcwdAANYmF0Y2gudmVyc2lvbnQABTYuMC40dAAOYmF0Y2guc3RlcFR5cGV0ADdvcmcuc3ByaW5nZnJhbWV3b3JrLmJhdGNoLmNvcmUuc3RlcC50YXNrbGV0LlRhc2tsZXRTdGVweA==
stage4-c60-r51-20260812T124000Z	241	245	COMPLETED	processIncrementalChangesStep	COMPLETED	1	1	1	0	rO0ABXNyABFqYXZhLnV0aWwuSGFzaE1hcAUH2sHDFmDRAwACRgAKbG9hZEZhY3RvckkACXRocmVzaG9sZHhwP0AAAAAAAAx3CAAAABAAAAAFdAAoaW5jcmVtZW50YWxTb3VyY2VDaGFuZ2VSZWFkZXIucmVhZC5jb3VudHNyABFqYXZhLmxhbmcuSW50ZWdlchLioKT3gYc4AgABSQAFdmFsdWV4cgAQamF2YS5sYW5nLk51bWJlcoaslR0LlOCLAgAAeHAAAAACdAARYmF0Y2gudGFza2xldFR5cGV0AD1vcmcuc3ByaW5nZnJhbWV3b3JrLmJhdGNoLmNvcmUuc3RlcC5pdGVtLkNodW5rT3JpZW50ZWRUYXNrbGV0dAANYmF0Y2gudmVyc2lvbnQABTYuMC40dAAOYmF0Y2guc3RlcFR5cGV0ADdvcmcuc3ByaW5nZnJhbWV3b3JrLmJhdGNoLmNvcmUuc3RlcC50YXNrbGV0LlRhc2tsZXRTdGVwdAApaW5jcmVtZW50YWxTb3VyY2VDaGFuZ2VSZWFkZXIuc3RhcnQuYWZ0ZXJzcgAXamF2YS51dGlsLkxpbmtlZEhhc2hNYXA0wE5cEGzA+wIAAVoAC2FjY2Vzc09yZGVyeHEAfgAAP0AAAAAAAAB3CAAAABAAAAAAeAB4
stage4-c60-r51-20260812T124000Z	241	245	COMPLETED	advanceIncrementalCheckpointStep	COMPLETED	0	0	1	0	rO0ABXNyABFqYXZhLnV0aWwuSGFzaE1hcAUH2sHDFmDRAwACRgAKbG9hZEZhY3RvckkACXRocmVzaG9sZHhwP0AAAAAAAAx3CAAAABAAAAADdAARYmF0Y2gudGFza2xldFR5cGV0ABNqZGsucHJveHkyLiRQcm94eTcwdAANYmF0Y2gudmVyc2lvbnQABTYuMC40dAAOYmF0Y2guc3RlcFR5cGV0ADdvcmcuc3ByaW5nZnJhbWV3b3JrLmJhdGNoLmNvcmUuc3RlcC50YXNrbGV0LlRhc2tsZXRTdGVweA==
stage4-c60-r52-20260812T124000Z	242	246	COMPLETED	processIncrementalChangesStep	COMPLETED	1	1	1	0	rO0ABXNyABFqYXZhLnV0aWwuSGFzaE1hcAUH2sHDFmDRAwACRgAKbG9hZEZhY3RvckkACXRocmVzaG9sZHhwP0AAAAAAAAx3CAAAABAAAAAFdAAoaW5jcmVtZW50YWxTb3VyY2VDaGFuZ2VSZWFkZXIucmVhZC5jb3VudHNyABFqYXZhLmxhbmcuSW50ZWdlchLioKT3gYc4AgABSQAFdmFsdWV4cgAQamF2YS5sYW5nLk51bWJlcoaslR0LlOCLAgAAeHAAAAACdAARYmF0Y2gudGFza2xldFR5cGV0AD1vcmcuc3ByaW5nZnJhbWV3b3JrLmJhdGNoLmNvcmUuc3RlcC5pdGVtLkNodW5rT3JpZW50ZWRUYXNrbGV0dAANYmF0Y2gudmVyc2lvbnQABTYuMC40dAAOYmF0Y2guc3RlcFR5cGV0ADdvcmcuc3ByaW5nZnJhbWV3b3JrLmJhdGNoLmNvcmUuc3RlcC50YXNrbGV0LlRhc2tsZXRTdGVwdAApaW5jcmVtZW50YWxTb3VyY2VDaGFuZ2VSZWFkZXIuc3RhcnQuYWZ0ZXJzcgAXamF2YS51dGlsLkxpbmtlZEhhc2hNYXA0wE5cEGzA+wIAAVoAC2FjY2Vzc09yZGVyeHEAfgAAP0AAAAAAAAB3CAAAABAAAAAAeAB4
stage4-c60-r52-20260812T124000Z	242	246	COMPLETED	advanceIncrementalCheckpointStep	COMPLETED	0	0	1	0	rO0ABXNyABFqYXZhLnV0aWwuSGFzaE1hcAUH2sHDFmDRAwACRgAKbG9hZEZhY3RvckkACXRocmVzaG9sZHhwP0AAAAAAAAx3CAAAABAAAAADdAARYmF0Y2gudGFza2xldFR5cGV0ABNqZGsucHJveHkyLiRQcm94eTcwdAANYmF0Y2gudmVyc2lvbnQABTYuMC40dAAOYmF0Y2guc3RlcFR5cGV0ADdvcmcuc3ByaW5nZnJhbWV3b3JrLmJhdGNoLmNvcmUuc3RlcC50YXNrbGV0LlRhc2tsZXRTdGVweA==
stage4-c60-r53-20260812T124000Z	243	247	COMPLETED	processIncrementalChangesStep	COMPLETED	1	1	1	0	rO0ABXNyABFqYXZhLnV0aWwuSGFzaE1hcAUH2sHDFmDRAwACRgAKbG9hZEZhY3RvckkACXRocmVzaG9sZHhwP0AAAAAAAAx3CAAAABAAAAAFdAAoaW5jcmVtZW50YWxTb3VyY2VDaGFuZ2VSZWFkZXIucmVhZC5jb3VudHNyABFqYXZhLmxhbmcuSW50ZWdlchLioKT3gYc4AgABSQAFdmFsdWV4cgAQamF2YS5sYW5nLk51bWJlcoaslR0LlOCLAgAAeHAAAAACdAARYmF0Y2gudGFza2xldFR5cGV0AD1vcmcuc3ByaW5nZnJhbWV3b3JrLmJhdGNoLmNvcmUuc3RlcC5pdGVtLkNodW5rT3JpZW50ZWRUYXNrbGV0dAANYmF0Y2gudmVyc2lvbnQABTYuMC40dAAOYmF0Y2guc3RlcFR5cGV0ADdvcmcuc3ByaW5nZnJhbWV3b3JrLmJhdGNoLmNvcmUuc3RlcC50YXNrbGV0LlRhc2tsZXRTdGVwdAApaW5jcmVtZW50YWxTb3VyY2VDaGFuZ2VSZWFkZXIuc3RhcnQuYWZ0ZXJzcgAXamF2YS51dGlsLkxpbmtlZEhhc2hNYXA0wE5cEGzA+wIAAVoAC2FjY2Vzc09yZGVyeHEAfgAAP0AAAAAAAAB3CAAAABAAAAAAeAB4
stage4-c60-r53-20260812T124000Z	243	247	COMPLETED	advanceIncrementalCheckpointStep	COMPLETED	0	0	1	0	rO0ABXNyABFqYXZhLnV0aWwuSGFzaE1hcAUH2sHDFmDRAwACRgAKbG9hZEZhY3RvckkACXRocmVzaG9sZHhwP0AAAAAAAAx3CAAAABAAAAADdAARYmF0Y2gudGFza2xldFR5cGV0ABNqZGsucHJveHkyLiRQcm94eTcwdAANYmF0Y2gudmVyc2lvbnQABTYuMC40dAAOYmF0Y2guc3RlcFR5cGV0ADdvcmcuc3ByaW5nZnJhbWV3b3JrLmJhdGNoLmNvcmUuc3RlcC50YXNrbGV0LlRhc2tsZXRTdGVweA==
stage4-c60-r54-20260812T124000Z	244	248	COMPLETED	processIncrementalChangesStep	COMPLETED	1	1	1	0	rO0ABXNyABFqYXZhLnV0aWwuSGFzaE1hcAUH2sHDFmDRAwACRgAKbG9hZEZhY3RvckkACXRocmVzaG9sZHhwP0AAAAAAAAx3CAAAABAAAAAFdAAoaW5jcmVtZW50YWxTb3VyY2VDaGFuZ2VSZWFkZXIucmVhZC5jb3VudHNyABFqYXZhLmxhbmcuSW50ZWdlchLioKT3gYc4AgABSQAFdmFsdWV4cgAQamF2YS5sYW5nLk51bWJlcoaslR0LlOCLAgAAeHAAAAACdAARYmF0Y2gudGFza2xldFR5cGV0AD1vcmcuc3ByaW5nZnJhbWV3b3JrLmJhdGNoLmNvcmUuc3RlcC5pdGVtLkNodW5rT3JpZW50ZWRUYXNrbGV0dAANYmF0Y2gudmVyc2lvbnQABTYuMC40dAAOYmF0Y2guc3RlcFR5cGV0ADdvcmcuc3ByaW5nZnJhbWV3b3JrLmJhdGNoLmNvcmUuc3RlcC50YXNrbGV0LlRhc2tsZXRTdGVwdAApaW5jcmVtZW50YWxTb3VyY2VDaGFuZ2VSZWFkZXIuc3RhcnQuYWZ0ZXJzcgAXamF2YS51dGlsLkxpbmtlZEhhc2hNYXA0wE5cEGzA+wIAAVoAC2FjY2Vzc09yZGVyeHEAfgAAP0AAAAAAAAB3CAAAABAAAAAAeAB4
stage4-c60-r54-20260812T124000Z	244	248	COMPLETED	advanceIncrementalCheckpointStep	COMPLETED	0	0	1	0	rO0ABXNyABFqYXZhLnV0aWwuSGFzaE1hcAUH2sHDFmDRAwACRgAKbG9hZEZhY3RvckkACXRocmVzaG9sZHhwP0AAAAAAAAx3CAAAABAAAAADdAARYmF0Y2gudGFza2xldFR5cGV0ABNqZGsucHJveHkyLiRQcm94eTcwdAANYmF0Y2gudmVyc2lvbnQABTYuMC40dAAOYmF0Y2guc3RlcFR5cGV0ADdvcmcuc3ByaW5nZnJhbWV3b3JrLmJhdGNoLmNvcmUuc3RlcC50YXNrbGV0LlRhc2tsZXRTdGVweA==
stage4-c60-r55-20260812T124000Z	245	249	COMPLETED	processIncrementalChangesStep	COMPLETED	1	1	1	0	rO0ABXNyABFqYXZhLnV0aWwuSGFzaE1hcAUH2sHDFmDRAwACRgAKbG9hZEZhY3RvckkACXRocmVzaG9sZHhwP0AAAAAAAAx3CAAAABAAAAAFdAAoaW5jcmVtZW50YWxTb3VyY2VDaGFuZ2VSZWFkZXIucmVhZC5jb3VudHNyABFqYXZhLmxhbmcuSW50ZWdlchLioKT3gYc4AgABSQAFdmFsdWV4cgAQamF2YS5sYW5nLk51bWJlcoaslR0LlOCLAgAAeHAAAAACdAARYmF0Y2gudGFza2xldFR5cGV0AD1vcmcuc3ByaW5nZnJhbWV3b3JrLmJhdGNoLmNvcmUuc3RlcC5pdGVtLkNodW5rT3JpZW50ZWRUYXNrbGV0dAANYmF0Y2gudmVyc2lvbnQABTYuMC40dAAOYmF0Y2guc3RlcFR5cGV0ADdvcmcuc3ByaW5nZnJhbWV3b3JrLmJhdGNoLmNvcmUuc3RlcC50YXNrbGV0LlRhc2tsZXRTdGVwdAApaW5jcmVtZW50YWxTb3VyY2VDaGFuZ2VSZWFkZXIuc3RhcnQuYWZ0ZXJzcgAXamF2YS51dGlsLkxpbmtlZEhhc2hNYXA0wE5cEGzA+wIAAVoAC2FjY2Vzc09yZGVyeHEAfgAAP0AAAAAAAAB3CAAAABAAAAAAeAB4
stage4-c60-r55-20260812T124000Z	245	249	COMPLETED	advanceIncrementalCheckpointStep	COMPLETED	0	0	1	0	rO0ABXNyABFqYXZhLnV0aWwuSGFzaE1hcAUH2sHDFmDRAwACRgAKbG9hZEZhY3RvckkACXRocmVzaG9sZHhwP0AAAAAAAAx3CAAAABAAAAADdAARYmF0Y2gudGFza2xldFR5cGV0ABNqZGsucHJveHkyLiRQcm94eTcwdAANYmF0Y2gudmVyc2lvbnQABTYuMC40dAAOYmF0Y2guc3RlcFR5cGV0ADdvcmcuc3ByaW5nZnJhbWV3b3JrLmJhdGNoLmNvcmUuc3RlcC50YXNrbGV0LlRhc2tsZXRTdGVweA==
stage4-c60-r56-20260812T124000Z	246	250	COMPLETED	processIncrementalChangesStep	COMPLETED	0	0	1	0	rO0ABXNyABFqYXZhLnV0aWwuSGFzaE1hcAUH2sHDFmDRAwACRgAKbG9hZEZhY3RvckkACXRocmVzaG9sZHhwP0AAAAAAAAx3CAAAABAAAAAFdAAoaW5jcmVtZW50YWxTb3VyY2VDaGFuZ2VSZWFkZXIucmVhZC5jb3VudHNyABFqYXZhLmxhbmcuSW50ZWdlchLioKT3gYc4AgABSQAFdmFsdWV4cgAQamF2YS5sYW5nLk51bWJlcoaslR0LlOCLAgAAeHAAAAABdAARYmF0Y2gudGFza2xldFR5cGV0AD1vcmcuc3ByaW5nZnJhbWV3b3JrLmJhdGNoLmNvcmUuc3RlcC5pdGVtLkNodW5rT3JpZW50ZWRUYXNrbGV0dAANYmF0Y2gudmVyc2lvbnQABTYuMC40dAAOYmF0Y2guc3RlcFR5cGV0ADdvcmcuc3ByaW5nZnJhbWV3b3JrLmJhdGNoLmNvcmUuc3RlcC50YXNrbGV0LlRhc2tsZXRTdGVwdAApaW5jcmVtZW50YWxTb3VyY2VDaGFuZ2VSZWFkZXIuc3RhcnQuYWZ0ZXJzcgAXamF2YS51dGlsLkxpbmtlZEhhc2hNYXA0wE5cEGzA+wIAAVoAC2FjY2Vzc09yZGVyeHEAfgAAP0AAAAAAAAB3CAAAABAAAAAAeAB4
stage4-c60-r56-20260812T124000Z	246	250	COMPLETED	advanceIncrementalCheckpointStep	COMPLETED	0	0	1	0	rO0ABXNyABFqYXZhLnV0aWwuSGFzaE1hcAUH2sHDFmDRAwACRgAKbG9hZEZhY3RvckkACXRocmVzaG9sZHhwP0AAAAAAAAx3CAAAABAAAAADdAARYmF0Y2gudGFza2xldFR5cGV0ABNqZGsucHJveHkyLiRQcm94eTcwdAANYmF0Y2gudmVyc2lvbnQABTYuMC40dAAOYmF0Y2guc3RlcFR5cGV0ADdvcmcuc3ByaW5nZnJhbWV3b3JrLmJhdGNoLmNvcmUuc3RlcC50YXNrbGV0LlRhc2tsZXRTdGVweA==
stage4-c60-r57-20260812T124000Z	247	251	COMPLETED	processIncrementalChangesStep	COMPLETED	0	0	1	0	rO0ABXNyABFqYXZhLnV0aWwuSGFzaE1hcAUH2sHDFmDRAwACRgAKbG9hZEZhY3RvckkACXRocmVzaG9sZHhwP0AAAAAAAAx3CAAAABAAAAAFdAAoaW5jcmVtZW50YWxTb3VyY2VDaGFuZ2VSZWFkZXIucmVhZC5jb3VudHNyABFqYXZhLmxhbmcuSW50ZWdlchLioKT3gYc4AgABSQAFdmFsdWV4cgAQamF2YS5sYW5nLk51bWJlcoaslR0LlOCLAgAAeHAAAAABdAARYmF0Y2gudGFza2xldFR5cGV0AD1vcmcuc3ByaW5nZnJhbWV3b3JrLmJhdGNoLmNvcmUuc3RlcC5pdGVtLkNodW5rT3JpZW50ZWRUYXNrbGV0dAANYmF0Y2gudmVyc2lvbnQABTYuMC40dAAOYmF0Y2guc3RlcFR5cGV0ADdvcmcuc3ByaW5nZnJhbWV3b3JrLmJhdGNoLmNvcmUuc3RlcC50YXNrbGV0LlRhc2tsZXRTdGVwdAApaW5jcmVtZW50YWxTb3VyY2VDaGFuZ2VSZWFkZXIuc3RhcnQuYWZ0ZXJzcgAXamF2YS51dGlsLkxpbmtlZEhhc2hNYXA0wE5cEGzA+wIAAVoAC2FjY2Vzc09yZGVyeHEAfgAAP0AAAAAAAAB3CAAAABAAAAAAeAB4
stage4-c60-r57-20260812T124000Z	247	251	COMPLETED	advanceIncrementalCheckpointStep	COMPLETED	0	0	1	0	rO0ABXNyABFqYXZhLnV0aWwuSGFzaE1hcAUH2sHDFmDRAwACRgAKbG9hZEZhY3RvckkACXRocmVzaG9sZHhwP0AAAAAAAAx3CAAAABAAAAADdAARYmF0Y2gudGFza2xldFR5cGV0ABNqZGsucHJveHkyLiRQcm94eTcwdAANYmF0Y2gudmVyc2lvbnQABTYuMC40dAAOYmF0Y2guc3RlcFR5cGV0ADdvcmcuc3ByaW5nZnJhbWV3b3JrLmJhdGNoLmNvcmUuc3RlcC50YXNrbGV0LlRhc2tsZXRTdGVweA==
stage4-c60-r58-20260812T124000Z	248	252	COMPLETED	processIncrementalChangesStep	COMPLETED	0	0	1	0	rO0ABXNyABFqYXZhLnV0aWwuSGFzaE1hcAUH2sHDFmDRAwACRgAKbG9hZEZhY3RvckkACXRocmVzaG9sZHhwP0AAAAAAAAx3CAAAABAAAAAFdAAoaW5jcmVtZW50YWxTb3VyY2VDaGFuZ2VSZWFkZXIucmVhZC5jb3VudHNyABFqYXZhLmxhbmcuSW50ZWdlchLioKT3gYc4AgABSQAFdmFsdWV4cgAQamF2YS5sYW5nLk51bWJlcoaslR0LlOCLAgAAeHAAAAABdAARYmF0Y2gudGFza2xldFR5cGV0AD1vcmcuc3ByaW5nZnJhbWV3b3JrLmJhdGNoLmNvcmUuc3RlcC5pdGVtLkNodW5rT3JpZW50ZWRUYXNrbGV0dAANYmF0Y2gudmVyc2lvbnQABTYuMC40dAAOYmF0Y2guc3RlcFR5cGV0ADdvcmcuc3ByaW5nZnJhbWV3b3JrLmJhdGNoLmNvcmUuc3RlcC50YXNrbGV0LlRhc2tsZXRTdGVwdAApaW5jcmVtZW50YWxTb3VyY2VDaGFuZ2VSZWFkZXIuc3RhcnQuYWZ0ZXJzcgAXamF2YS51dGlsLkxpbmtlZEhhc2hNYXA0wE5cEGzA+wIAAVoAC2FjY2Vzc09yZGVyeHEAfgAAP0AAAAAAAAB3CAAAABAAAAAAeAB4
stage4-c60-r58-20260812T124000Z	248	252	COMPLETED	advanceIncrementalCheckpointStep	COMPLETED	0	0	1	0	rO0ABXNyABFqYXZhLnV0aWwuSGFzaE1hcAUH2sHDFmDRAwACRgAKbG9hZEZhY3RvckkACXRocmVzaG9sZHhwP0AAAAAAAAx3CAAAABAAAAADdAARYmF0Y2gudGFza2xldFR5cGV0ABNqZGsucHJveHkyLiRQcm94eTcwdAANYmF0Y2gudmVyc2lvbnQABTYuMC40dAAOYmF0Y2guc3RlcFR5cGV0ADdvcmcuc3ByaW5nZnJhbWV3b3JrLmJhdGNoLmNvcmUuc3RlcC50YXNrbGV0LlRhc2tsZXRTdGVweA==
stage4-c60-r59-20260812T124000Z	249	253	COMPLETED	processIncrementalChangesStep	COMPLETED	0	0	1	0	rO0ABXNyABFqYXZhLnV0aWwuSGFzaE1hcAUH2sHDFmDRAwACRgAKbG9hZEZhY3RvckkACXRocmVzaG9sZHhwP0AAAAAAAAx3CAAAABAAAAAFdAAoaW5jcmVtZW50YWxTb3VyY2VDaGFuZ2VSZWFkZXIucmVhZC5jb3VudHNyABFqYXZhLmxhbmcuSW50ZWdlchLioKT3gYc4AgABSQAFdmFsdWV4cgAQamF2YS5sYW5nLk51bWJlcoaslR0LlOCLAgAAeHAAAAABdAARYmF0Y2gudGFza2xldFR5cGV0AD1vcmcuc3ByaW5nZnJhbWV3b3JrLmJhdGNoLmNvcmUuc3RlcC5pdGVtLkNodW5rT3JpZW50ZWRUYXNrbGV0dAANYmF0Y2gudmVyc2lvbnQABTYuMC40dAAOYmF0Y2guc3RlcFR5cGV0ADdvcmcuc3ByaW5nZnJhbWV3b3JrLmJhdGNoLmNvcmUuc3RlcC50YXNrbGV0LlRhc2tsZXRTdGVwdAApaW5jcmVtZW50YWxTb3VyY2VDaGFuZ2VSZWFkZXIuc3RhcnQuYWZ0ZXJzcgAXamF2YS51dGlsLkxpbmtlZEhhc2hNYXA0wE5cEGzA+wIAAVoAC2FjY2Vzc09yZGVyeHEAfgAAP0AAAAAAAAB3CAAAABAAAAAAeAB4
stage4-c60-r59-20260812T124000Z	249	253	COMPLETED	advanceIncrementalCheckpointStep	COMPLETED	0	0	1	0	rO0ABXNyABFqYXZhLnV0aWwuSGFzaE1hcAUH2sHDFmDRAwACRgAKbG9hZEZhY3RvckkACXRocmVzaG9sZHhwP0AAAAAAAAx3CAAAABAAAAADdAARYmF0Y2gudGFza2xldFR5cGV0ABNqZGsucHJveHkyLiRQcm94eTcwdAANYmF0Y2gudmVyc2lvbnQABTYuMC40dAAOYmF0Y2guc3RlcFR5cGV0ADdvcmcuc3ByaW5nZnJhbWV3b3JrLmJhdGNoLmNvcmUuc3RlcC50YXNrbGV0LlRhc2tsZXRTdGVweA==
stage4-c60-r60-20260812T124000Z	250	254	COMPLETED	processIncrementalChangesStep	COMPLETED	0	0	1	0	rO0ABXNyABFqYXZhLnV0aWwuSGFzaE1hcAUH2sHDFmDRAwACRgAKbG9hZEZhY3RvckkACXRocmVzaG9sZHhwP0AAAAAAAAx3CAAAABAAAAAFdAAoaW5jcmVtZW50YWxTb3VyY2VDaGFuZ2VSZWFkZXIucmVhZC5jb3VudHNyABFqYXZhLmxhbmcuSW50ZWdlchLioKT3gYc4AgABSQAFdmFsdWV4cgAQamF2YS5sYW5nLk51bWJlcoaslR0LlOCLAgAAeHAAAAABdAARYmF0Y2gudGFza2xldFR5cGV0AD1vcmcuc3ByaW5nZnJhbWV3b3JrLmJhdGNoLmNvcmUuc3RlcC5pdGVtLkNodW5rT3JpZW50ZWRUYXNrbGV0dAANYmF0Y2gudmVyc2lvbnQABTYuMC40dAAOYmF0Y2guc3RlcFR5cGV0ADdvcmcuc3ByaW5nZnJhbWV3b3JrLmJhdGNoLmNvcmUuc3RlcC50YXNrbGV0LlRhc2tsZXRTdGVwdAApaW5jcmVtZW50YWxTb3VyY2VDaGFuZ2VSZWFkZXIuc3RhcnQuYWZ0ZXJzcgAXamF2YS51dGlsLkxpbmtlZEhhc2hNYXA0wE5cEGzA+wIAAVoAC2FjY2Vzc09yZGVyeHEAfgAAP0AAAAAAAAB3CAAAABAAAAAAeAB4
stage4-c60-r60-20260812T124000Z	250	254	COMPLETED	advanceIncrementalCheckpointStep	COMPLETED	0	0	1	0	rO0ABXNyABFqYXZhLnV0aWwuSGFzaE1hcAUH2sHDFmDRAwACRgAKbG9hZEZhY3RvckkACXRocmVzaG9sZHhwP0AAAAAAAAx3CAAAABAAAAADdAARYmF0Y2gudGFza2xldFR5cGV0ABNqZGsucHJveHkyLiRQcm94eTcwdAANYmF0Y2gudmVyc2lvbnQABTYuMC40dAAOYmF0Y2guc3RlcFR5cGV0ADdvcmcuc3ByaW5nZnJhbWV3b3JrLmJhdGNoLmNvcmUuc3RlcC50YXNrbGV0LlRhc2tsZXRTdGVweA==
stage4-boundary-20260812T124000Z	251	255	COMPLETED	processIncrementalChangesStep	COMPLETED	2	2	1	0	rO0ABXNyABFqYXZhLnV0aWwuSGFzaE1hcAUH2sHDFmDRAwACRgAKbG9hZEZhY3RvckkACXRocmVzaG9sZHhwP0AAAAAAAAx3CAAAABAAAAAFdAAoaW5jcmVtZW50YWxTb3VyY2VDaGFuZ2VSZWFkZXIucmVhZC5jb3VudHNyABFqYXZhLmxhbmcuSW50ZWdlchLioKT3gYc4AgABSQAFdmFsdWV4cgAQamF2YS5sYW5nLk51bWJlcoaslR0LlOCLAgAAeHAAAAADdAARYmF0Y2gudGFza2xldFR5cGV0AD1vcmcuc3ByaW5nZnJhbWV3b3JrLmJhdGNoLmNvcmUuc3RlcC5pdGVtLkNodW5rT3JpZW50ZWRUYXNrbGV0dAANYmF0Y2gudmVyc2lvbnQABTYuMC40dAAOYmF0Y2guc3RlcFR5cGV0ADdvcmcuc3ByaW5nZnJhbWV3b3JrLmJhdGNoLmNvcmUuc3RlcC50YXNrbGV0LlRhc2tsZXRTdGVwdAApaW5jcmVtZW50YWxTb3VyY2VDaGFuZ2VSZWFkZXIuc3RhcnQuYWZ0ZXJzcgAXamF2YS51dGlsLkxpbmtlZEhhc2hNYXA0wE5cEGzA+wIAAVoAC2FjY2Vzc09yZGVyeHEAfgAAP0AAAAAAAAB3CAAAABAAAAAAeAB4
stage4-boundary-20260812T124000Z	251	255	COMPLETED	advanceIncrementalCheckpointStep	COMPLETED	0	0	1	0	rO0ABXNyABFqYXZhLnV0aWwuSGFzaE1hcAUH2sHDFmDRAwACRgAKbG9hZEZhY3RvckkACXRocmVzaG9sZHhwP0AAAAAAAAx3CAAAABAAAAADdAARYmF0Y2gudGFza2xldFR5cGV0ABNqZGsucHJveHkyLiRQcm94eTcwdAANYmF0Y2gudmVyc2lvbnQABTYuMC40dAAOYmF0Y2guc3RlcFR5cGV0ADdvcmcuc3ByaW5nZnJhbWV3b3JrLmJhdGNoLmNvcmUuc3RlcC50YXNrbGV0LlRhc2tsZXRTdGVweA==
stage4-failure-20260812T124000Z	252	256	FAILED	processIncrementalChangesStep	FAILED	6	4	2	1	rO0ABXNyABFqYXZhLnV0aWwuSGFzaE1hcAUH2sHDFmDRAwACRgAKbG9hZEZhY3RvckkACXRocmVzaG9sZHhwP0AAAAAAAAx3CAAAABAAAAAFdAAoaW5jcmVtZW50YWxTb3VyY2VDaGFuZ2VSZWFkZXIucmVhZC5jb3VudHNyABFqYXZhLmxhbmcuSW50ZWdlchLioKT3gYc4AgABSQAFdmFsdWV4cgAQamF2YS5sYW5nLk51bWJlcoaslR0LlOCLAgAAeHAAAAAEdAARYmF0Y2gudGFza2xldFR5cGV0AD1vcmcuc3ByaW5nZnJhbWV3b3JrLmJhdGNoLmNvcmUuc3RlcC5pdGVtLkNodW5rT3JpZW50ZWRUYXNrbGV0dAANYmF0Y2gudmVyc2lvbnQABTYuMC40dAAOYmF0Y2guc3RlcFR5cGV0ADdvcmcuc3ByaW5nZnJhbWV3b3JrLmJhdGNoLmNvcmUuc3RlcC50YXNrbGV0LlRhc2tsZXRTdGVwdAApaW5jcmVtZW50YWxTb3VyY2VDaGFuZ2VSZWFkZXIuc3RhcnQuYWZ0ZXJzcgAXamF2YS51dGlsLkxpbmtlZEhhc2hNYXA0wE5cEGzA+wIAAVoAC2FjY2Vzc09yZGVyeHEAfgAAP0AAAAAAAAx3CAAAABAAAAACdAAKY2hhbmdlZF9hdHNyAA1qYXZhLnRpbWUuU2VylV2EuhsiSLIMAAB4cHcKBQAAB+oIDAAV/nh0AAdnYW1lX2lkc3IADmphdmEubGFuZy5Mb25nO4vkkMyPI98CAAFKAAV2YWx1ZXhxAH4ABAAAAAAAD0JEeAB4
stage4-failure-20260812T124000Z	252	257	COMPLETED	processIncrementalChangesStep	COMPLETED	4	4	3	0	rO0ABXNyABFqYXZhLnV0aWwuSGFzaE1hcAUH2sHDFmDRAwACRgAKbG9hZEZhY3RvckkACXRocmVzaG9sZHhwP0AAAAAAAAx3CAAAABAAAAAFdAAoaW5jcmVtZW50YWxTb3VyY2VDaGFuZ2VSZWFkZXIucmVhZC5jb3VudHNyABFqYXZhLmxhbmcuSW50ZWdlchLioKT3gYc4AgABSQAFdmFsdWV4cgAQamF2YS5sYW5nLk51bWJlcoaslR0LlOCLAgAAeHAAAAAJdAARYmF0Y2gudGFza2xldFR5cGV0AD1vcmcuc3ByaW5nZnJhbWV3b3JrLmJhdGNoLmNvcmUuc3RlcC5pdGVtLkNodW5rT3JpZW50ZWRUYXNrbGV0dAANYmF0Y2gudmVyc2lvbnQABTYuMC40dAAOYmF0Y2guc3RlcFR5cGV0ADdvcmcuc3ByaW5nZnJhbWV3b3JrLmJhdGNoLmNvcmUuc3RlcC50YXNrbGV0LlRhc2tsZXRTdGVwdAApaW5jcmVtZW50YWxTb3VyY2VDaGFuZ2VSZWFkZXIuc3RhcnQuYWZ0ZXJzcgAXamF2YS51dGlsLkxpbmtlZEhhc2hNYXA0wE5cEGzA+wIAAVoAC2FjY2Vzc09yZGVyeHEAfgAAP0AAAAAAAAx3CAAAABAAAAACdAAKY2hhbmdlZF9hdHNyAA1qYXZhLnRpbWUuU2VylV2EuhsiSLIMAAB4cHcKBQAAB+oIDAAx/nh0AAdnYW1lX2lkc3IADmphdmEubGFuZy5Mb25nO4vkkMyPI98CAAFKAAV2YWx1ZXhxAH4ABAAAAAAAD0JIeAB4
stage4-failure-20260812T124000Z	252	257	COMPLETED	advanceIncrementalCheckpointStep	COMPLETED	0	0	1	0	rO0ABXNyABFqYXZhLnV0aWwuSGFzaE1hcAUH2sHDFmDRAwACRgAKbG9hZEZhY3RvckkACXRocmVzaG9sZHhwP0AAAAAAAAx3CAAAABAAAAADdAARYmF0Y2gudGFza2xldFR5cGV0ABNqZGsucHJveHkyLiRQcm94eTcwdAANYmF0Y2gudmVyc2lvbnQABTYuMC40dAAOYmF0Y2guc3RlcFR5cGV0ADdvcmcuc3ByaW5nZnJhbWV3b3JrLmJhdGNoLmNvcmUuc3RlcC50YXNrbGV0LlRhc2tsZXRTdGVweA==
stage4-replay-20260812T124000Z	253	258	COMPLETED	processIncrementalChangesStep	COMPLETED	1	1	1	0	rO0ABXNyABFqYXZhLnV0aWwuSGFzaE1hcAUH2sHDFmDRAwACRgAKbG9hZEZhY3RvckkACXRocmVzaG9sZHhwP0AAAAAAAAx3CAAAABAAAAAFdAAoaW5jcmVtZW50YWxTb3VyY2VDaGFuZ2VSZWFkZXIucmVhZC5jb3VudHNyABFqYXZhLmxhbmcuSW50ZWdlchLioKT3gYc4AgABSQAFdmFsdWV4cgAQamF2YS5sYW5nLk51bWJlcoaslR0LlOCLAgAAeHAAAAACdAARYmF0Y2gudGFza2xldFR5cGV0AD1vcmcuc3ByaW5nZnJhbWV3b3JrLmJhdGNoLmNvcmUuc3RlcC5pdGVtLkNodW5rT3JpZW50ZWRUYXNrbGV0dAANYmF0Y2gudmVyc2lvbnQABTYuMC40dAAOYmF0Y2guc3RlcFR5cGV0ADdvcmcuc3ByaW5nZnJhbWV3b3JrLmJhdGNoLmNvcmUuc3RlcC50YXNrbGV0LlRhc2tsZXRTdGVwdAApaW5jcmVtZW50YWxTb3VyY2VDaGFuZ2VSZWFkZXIuc3RhcnQuYWZ0ZXJzcgAXamF2YS51dGlsLkxpbmtlZEhhc2hNYXA0wE5cEGzA+wIAAVoAC2FjY2Vzc09yZGVyeHEAfgAAP0AAAAAAAAB3CAAAABAAAAAAeAB4
stage4-replay-20260812T124000Z	253	258	COMPLETED	advanceIncrementalCheckpointStep	COMPLETED	0	0	1	0	rO0ABXNyABFqYXZhLnV0aWwuSGFzaE1hcAUH2sHDFmDRAwACRgAKbG9hZEZhY3RvckkACXRocmVzaG9sZHhwP0AAAAAAAAx3CAAAABAAAAADdAARYmF0Y2gudGFza2xldFR5cGV0ABNqZGsucHJveHkyLiRQcm94eTcwdAANYmF0Y2gudmVyc2lvbnQABTYuMC40dAAOYmF0Y2guc3RlcFR5cGV0ADdvcmcuc3ByaW5nZnJhbWV3b3JrLmJhdGNoLmNvcmUuc3RlcC50YXNrbGV0LlRhc2tsZXRTdGVweA==
